ID,ADDRESS,CITY,ST,ZIP,Longitude,Latitude,Match Score
1, 616 Whitehorse Pike,Absecon,NJ,08201,-74.51207022858388,39.4326490300862,99
2, 603 White Horse Pike,Absecon,NJ,08202,-74.51218344590403,39.43261251367628,98.39
3, 636 White Horse Pike,Absecon,NJ,08203,-74.51503105206169,39.43469760913176,98.39
4, 616 Whitehorse Pike,Absecon,NJ,08204,-74.51207022858388,39.4326490300862,97.39
5,10 Renaissance Plaza,Atlantic City,NJ,08401,-74.43067405489396,39.362044536940246,100
6, 3218 Atlantic Avenue,Atlantic City,NJ,08401,-74.45043046700322,39.353056028184,100
7, 1723 Pacific Avenue,Atlantic City,NJ,08401,-74.43197963500025,39.35861742094101,100
8, 1101 Atlantic Avenue,Atlantic City,NJ,08401,-74.42475435064395,39.36354522563685,100
9, 3313 Brigantine Boulevard,Brigantine,NJ,08203,-74.38869104459356,39.39487749216842,100
10, 4238 Harbor Beach Boulevard,Brigantine,NJ,08203,-74.39748453274828,39.39332421708237,100
11, 1006 White Horse Pike,Egg Harbor City,NJ,08215,-74.64318280790158,39.52572436515495,100
12, 3007 Ocean Heights Avenue,Egg Harbor Township,NJ,08234,-74.6176470884205,39.36183322191316,100
13, 3003 English Creek Avenue,Egg Harbor Township,NJ,08234,-74.61345697502301,39.4332089831276,100
14, 6815 Tilton Road,Egg Harbor Township,NJ,08234,-74.55861522585823,39.39153571204566,100
15, 6103 West Jersey Avenue,Egg Harbor Township,NJ,08234,-74.61700696247493,39.41940826336816,100
16, 6050 Black Horse Pike,Egg Harbor Township,NJ,08234,-74.60888900543034,39.433907069933746,100
17, 2247 Ocean Heights Avenue,Egg Harbor Township,NJ,08234,-74.61936529475248,39.36420261830279,100
18, 6801 Black Horse Pike,Egg Harbor Township,NJ,08234,-74.55333601429749,39.39610699163569,100
19, 3003 English Creek Avenue,Egg Harbor Twp,NJ,08234,-74.61345697502301,39.4332089831276,100
20, 401 South Pitney Road,Galloway,NJ,08205,-74.4941966172262,39.46245066620396,99.9
21, 327 South Pitney Road,Galloway,NJ,08205,-74.49384792981478,39.46469583415174,99.9
22, 401 South Pitney Road,Galloway,NJ,08205,-74.4941966172262,39.46245066620396,99.9
23," 80 S White Horse Pike,  Suite C1",Hammonton,NJ,08009,-74.78674171840196,39.64622300675804,98.75
24, 11 S Whitehorse Pike,Hammonton,NJ,08021,-74.7881024772245,39.647211250684904,97.48
25, 80 South Whitehorse Pike,Hammonton,NJ,08009,-74.78674171840196,39.64622300675804,97.65
26, 55 South White Horse Pike,Hammonton,NJ,08084,-74.7848689904366,39.64848400077247,98.65
27, 9301 Ventnor Avenue,Margate City,NJ,08402,-74.51399354875443,39.32244447509638,100
28," 6056 Harding Hwy,  Suite D",Mays Landing,NJ,08330,-74.73477806650789,39.44795342136533,100
29, 380 Consumer Square,Mays Landing,NJ,08330,-74.63231896905907,39.45196301064489,100
30, 4454 Black Horse Pike,Mays Landing,NJ,08330,-74.64750284079825,39.45234570626719,100
31, 4620 Black Horse Pike,Mays Landing,NJ,08330,-74.65132968251221,39.45375353072427,100
32," 108 Swedesboro Road,  Suite 20",Mullica Hill,NJ,08062,-75.2258008509992,39.74334971036013,100
33, 143 Bridgeton Pike,Mullica Hill,NJ,08062,-75.21964033226185,39.723168888482306,100
34, 1337A New Road,Northfield,NJ,08225,-74.55471751957887,39.374076584062614,100
35, 1315 New Road,Northfield,NJ,08225,-74.55380548469448,39.375013471290146,100
36, 900 N. New Road,Pleasantville,NJ,08232,-74.52013427720003,39.40788514498394,100
37,857 N Main Street,Pleasantville,NJ,08232,-74.51195170847332,39.40366365453405,100
38, 505 W Black Horse Pike,Pleasantville,NJ,08232,-74.53223666852914,39.391655320949575,100
39, 1025 Black Horse Pike,Pleasantville,NJ,08232,-74.54519701867606,39.39219599561403,100
40, 328 W. White Horse Pike,Pomona,NJ,08215,-74.58108886379515,39.482387578280175,100
41, 1 South New York Road,Smithville,NJ,08205,-74.45782079103314,39.49357272567862,100
42, 191 New Road,Somers Point,NJ,08244,-74.59252378533745,39.331417120425485,100
43, 425 New Road,Somers Point,NJ,08244,-74.59966514008114,39.32569787340514,100
44, 212 New Road,Somers Point,NJ,08244,-74.59617173047548,39.328433391325255,100
45, 23 Bethel Road,Somers Point,NJ,08244,-74.59458281298252,39.333196877588236,100
46, 315 N Dorset Avenue,Ventnor,NJ,08406,-74.48131518181471,39.34553683239295,98.16
47, 5100 Wellington Avenue,Ventnor City,NJ,08406,-74.48029082400396,39.35177579355996,100
48, 6701 Ventnor Avenue,Ventnor City,NJ,08406,-74.48573219333112,39.33653869169604,100
49, 45 De Mercurio Drive,Allendale,NJ,07401,-74.12750272767546,41.02947142060871,100
50, 44 West Allendale Avenue,Allendale,NJ,07401,-74.12750490667646,41.03029991548063,100
51, 10 Portland Avenue,Bergenfield,NJ,07621,-73.99755984265258,40.92688567048261,100
52, 241 N. Washington Avenue,Bergenfield,NJ,07621,-73.99492331500858,40.93572447120014,100
53, 406 S. Washington Avenue,Bergenfield,NJ,07621,-73.99750460591072,40.91391471722815,100
54, 33 River Road,Bogota,NJ,07603,-74.03274941911575,40.87058777961447,100
55, 637 Hoboken Road,Carlstadt,NJ,07072,-74.10078499191471,40.84042302837626,100
56, 729 Anderson Avenue,Cliffside Park,NJ,07010,-73.98602575714983,40.82962282040605,100
57, 250 Closter Dock Road,Closter,NJ,07624,-73.96043403061473,40.97204977985403,100
58, 29 Vervalen Street,Closter,NJ,07624,-73.95694960795456,40.969606338672996,100
59, 80 Piermont Road,Cresskill,NJ,07626,-73.96242114434129,40.94074074688402,100
60, 50 West Madison Avenue,Dumont,NJ,07628,-73.99643415305599,40.940407398594985,100
61, 406 East Madison Avenue,Dumont,NJ,07628,-73.97810061154547,40.941282533912386,100
62, 572 Paterson Avenue,East Rutherford,NJ,07073,-74.10586177325987,40.84321708038469,100
63, 481 River Road,Edgewater,NJ,07020,-73.98504305114146,40.813351160146425,100
64, 65 River Road,Edgewater,NJ,07020,-73.99235040600985,40.80509774890033,100
65, 543 River Road,Edgewater,NJ,07020,-73.98494005392465,40.813392356155326,100
66, 449 Market Street,Elmwood Park,NJ,07407,-74.11147493594859,40.89893470560158,100
67, 593 Market Street,Elmwood Park,NJ,07407,-74.10477947169205,40.89791995049366,100
68, 100 Broadway,Elmwood Park,NJ,07407,-74.12378208438108,40.91945310166066,100
69, 425 Old Hook Road,Emerson,NJ,07630,-74.0061810969723,40.98181723868556,100
70, 10 W. Palisade Avenue,Englewood,NJ,07631,-73.97554489130674,40.89425571501959,100
71, 40 Nathaniel Place,Englewood,NJ,07631,-73.97523305098309,40.8964549614566,100
72, 20 W. Hudson Avenue,Englewood,NJ,07631,-73.96918458583261,40.910277977078294,100
73,18-35 River Road,Fair Lawn,NJ,07410,-74.14221246453985,40.940044085001624,100
74,17-77 River Road,Fair Lawn,NJ,07410,-74.14031021274799,40.93895595502009,100
75,2400 Fair Lawn Avenue,Fairlawn,NJ,07410,-74.11893948220036,40.939607041265496,99
76,"29-00 Broadway, NJ-4",Fairlawn,NJ,07410,-74.10677922104902,40.92387794177182,98
77,215 Bergen Boulevard,Fairview,NJ,07022,-74.00094437133589,40.81900278144481,100
78, 2160 Lemoine Avenue,Fort Lee,NJ,07024,-73.9668673248806,40.856336239192736,100
79,1681 Fletcher Avenue,Fort Lee,NJ,07024,-73.97279494008936,40.85854974811889,95.63
80,1475 Bergen Boulevard,Fort Lee,NJ,07024,-73.98554522264092,40.85222101810034,100
81,165 Main Street,Fort Lee,NJ,07024,-73.96853575610233,40.85103536747285,100
82, 1335 16th Street,Fort Lee,NJ,07024,-73.98074329964774,40.84447927063769,100
83, 2151 Lemoine Avenue,Fort Lee,NJ,07024,-73.96698492298235,40.85623159113168,100
84, 281 Midland Avenue,Garfield,NJ,07026,-74.10384748787813,40.874416968261116,100
85," 45 Outwater Lane,  Suite 3",Garfield,NJ,07026,-74.1169594666534,40.88055252138555,100
86, 174 Passaic Street,Garfield,NJ,07026,-74.1017635791103,40.867757965283104,100
87, 175 Rock Road,Glen Rock,NJ,07452,-74.13156904006915,40.96482798967736,100
88, 110 Main Street,Hackensack,NJ,07601,-74.04365563103916,40.88165311027781,100
89, 101 Polifly Road,Hackensack,NJ,07601,-74.05680497831517,40.87809494737449,100
90, 630 Main Street,Hackensack,NJ,07601,-74.0403566667995,40.89869506698984,100
91, 123 Anderson Street,Hackensack,NJ,07601,-74.0446938825981,40.894366233094495,100
92, 219 Essex Street,Hackensack,NJ,07601,-74.05394934772232,40.88074790354851,100
93, 500 South River Street,Hackensack,NJ,07601,-74.03612816428576,40.86331429931492,100
94, 151 Boulevard,Hasbrouck Heights,NJ,07604,-74.0805121856186,40.85970630909307,100
95, 372 Broadway,Hillsdale,NJ,07642,-74.04208006991162,41.012483425909856,100
96, 383 Washington Avenue,Hillsdale,NJ,07642,-74.04006424413555,41.0016722492146,100
97, 410 Broad Avenue,Leonia,NJ,07605,-73.9857709472933,40.864780629456426,100
98, 221 Main Street,Lodi,NJ,07644,-74.0840275247041,40.88092414842438,100
99, 175 Main Street,Lodi,NJ,07644,-74.0846271971635,40.87922000832821,100
100, 20 Arnot Street,Lodi,NJ,07644,-74.08734780749641,40.87702225156364,100
101, 441 Valley Brook Avenue,Lyndhurst,NJ,07071,-74.12322275998218,40.811299770517,100
102, 540 New York Avenue & Delafield A,Lyndhurst,NJ,07071,-74.12164989585133,40.81479003690873,98.58
103, 125 Franklin Turnpike,Mahwah,NJ,07430,-74.14687955434164,41.09918965816768,100
104, 45 Franklin Turnpike,Mahwah,NJ,07430,-74.14839403431301,41.10447892039299,100
105, 136 Lake Avenue,Midland Park,NJ,07432,-74.14057153935566,40.98265617200307,100
106, 85 Godwin Avenue,Midland Park,NJ,07432,-74.13866666804023,40.985258040476964,100
107, 20 Kinderkamack Road,Montvale,NJ,07645,-74.02963749307949,41.03871706150289,99.55
108, 106 Chestnut Ridge Road,Montvale,NJ,07645,-74.06821962497986,41.055892255024084,100
109, 100 Farm View,Montvale,NJ,07645,-74.06034286050426,41.05055911378804,100
110, 880 River Road,New Milford,NJ,07646,-74.02637062316141,40.926819369628525,100
111, 364 River Road,New Milford,NJ,07646,-74.0214354423907,40.940562212346435,100
112, 250 River Road,New Milford,NJ,07646,-74.02035470863501,40.944637665677845,100
113, 475 Ridge Road,North Arlington,NJ,07031,-74.12860278318769,40.79506707687354,100
114, 585 Ridge Road,North Arlington,NJ,07031,-74.12710953230376,40.797041650301374,100
115, 440 Belleville Turnpike,North Arlington,NJ,07031,-74.13024210097743,40.777520910267505,100
116, 269A Livingston St,Northvale,NJ,07647,-73.9460619017703,41.01428316797384,100
117, 246 Livingston Street,Northvale,NJ,07647,-73.94625169570199,41.01238106119429,100
118, 14 Post Road,Oakland,NJ,07436,-74.25597349845624,41.01390394895068,100
119, 409 Ramapo Valley Road,Oakland,NJ,07436,-74.23989826545125,41.0264306194273,100
120, 325 Kinderkamack Road,Oradell,NJ,07649,-74.03214801756302,40.95165712803213,100
121, 201 Roosevelt Place,Palisades Park,NJ,07650,-74.00418224379257,40.85100683369754,100
122," 224 Route 4 E And, Forest Ave",Paramus,NJ,07652,-74.05480991772134,40.91609003064971,99.17
123, 35 Interstate Shop Center,Ramsey,NJ,07446,-74.13725343697335,41.06679635139499,100
124, 563 North Franklin Turnpike,Ramsey,NJ,07446,-74.13853658090288,41.076352899463984,100
125, 25 N. Spruce Street,Ramsey,NJ,07446,-74.14047732676418,41.058657109299034,100
126, 198 Main Street,Ridgefield Park,NJ,07660,-74.0252419160797,40.856379154537066,100
127, 199 E Ridgewood Avenue,Ridgewood,NJ,07450,-74.11527185426803,40.97902969968462,100
128, 135 Kinderkamack Road,River Edge,NJ,07661,-74.03626613041222,40.91275285971949,100
129, 654 Westwood Avenue,River Vale,NJ,07675,-74.00658474100405,40.994885105264835,99.9
130, 150 Rochelle Avenue,Rochelle Park,NJ,07662,-74.078457278236,40.90050631244691,100
131, 220 W Passaic Street,Rochelle Park,NJ,07662,-74.08140888162022,40.91449981597928,100
132, 208 Park Avenue,Rutherford,NJ,07070,-74.10968472906845,40.825263224926516,100
133, 75 Mayhill Street,Saddle Brook,NJ,07663,-74.09163069636183,40.89799530380343,100
134, 475 Fair Lawn Parkway,Saddle Brook,NJ,07663,-74.09957836240282,40.91624814806319,100
135, 189 US-46,Saddle Brook,NJ,07663,-74.09563950919343,40.889268275764444,100
136, 188 Cedar Lane,Teaneck,NJ,07666,-74.01267434191551,40.8859992077974,100
137, 375 Queen Anne Road,Teaneck,NJ,07666,-74.02040103171967,40.87605588178896,100
138, 540 Cedar Lane,Teaneck,NJ,07666,-74.02498299909058,40.890102023673265,100
139, 520 Cedar Lane,Teaneck,NJ,07666,-74.02421488148357,40.889839292918225,100
140, 1400 Teaneck Road,Teaneck,NJ,07666,-73.99989227355559,40.899799961595505,100
141,17 19 Washington Street,Tenafly,NJ,07670,-73.96568546745848,40.925429752805634,99.41
142, 2 Teterboro Landing Drive,Teterboro,NJ,07608,-74.06337119362475,40.86195383261047,100
143, 1 Teterboro Landing Drive,Teterboro,NJ,07608,-74.06215134891522,40.86153233250333,100
144, 265 Pascack Road,Township Of Washington,NJ,07676,-74.06403079782021,40.98518740356653,100
145, 60 Franklin Turnpike,Waldwick,NJ,07463,-74.1202753475497,41.01227941038656,100
146, 72 Crescent Avenue,Waldwick,NJ,07463,-74.13940402406259,41.012717406737025,100
147, 375 Paterson Avenue,Wallington,NJ,07057,-74.10722212591534,40.8441371334924,100
148, 289 Broadway,Westwood,NJ,07675,-74.03174887133373,40.98987760068381,100
149, 295 Valley Boulevard,Wood Ridge,NJ,07075,-74.08431041520282,40.85239294964527,100
150, 520 Chestnut Ridge Road,Woodcliff Lake,NJ,07677,-74.0725736013017,41.04333214044716,100
151, 303 Franklin Avenue,Wyckoff,NJ,07481,-74.16488656489491,41.01120438461982,100
152, 519 Cedar Hill Avenue,Wyckoff,NJ,07481,-74.16849621688962,40.986238636987224,100
153, 655 Wyckoff Avenue,Wyckoff,NJ,07481,-74.17241061766286,41.012068773159804,100
154, 118 Farnsworth Avenue,Bordentown,NJ,08505,-74.71339708879289,40.1482080808599,100
155, 338 Farnsworth Avenue,Bordentown,NJ,08505,-74.71117588445138,40.14534976805806,100
156, 622 Route US-206,Bordentown,NJ,08505,-74.70010491349304,40.17341881926535,98.04
157, 558 Lakehurst Road Units J & K,Browns Mills,NJ,08015,-74.54962517812362,39.95421295517773,98.29
158, 37 Juliustown Road,Browns Mills,NJ,08015,-74.58443178543101,39.97092848176637,100
159, 1005 Sunset Road,Burlington,NJ,08016,-74.8768404288575,40.04911160564468,100
160, 108 US-130,Burlington,NJ,08016,-74.85492191601112,40.07087297812195,99.54
161, 2093 Route 130 N,Burlington,NJ,08016,-74.8110232403442,40.094867531754055,98.9
162, 1817 Mount Holly Road,Burlington,NJ,08016,-74.843208911258,40.05357003379884,100
163," 1210 Route 130 N, Suite 1408",Cinnaminson,NJ,08077,-74.98761666705252,39.999455870128855,100
164, 2604 Route 130 North ,Cinnaminson,NJ,08077,-74.97361553598824,40.00697477255331,100
165, 141 Route 130 South  Suite K,Cinnaminson,NJ,08077,-75.00928541452033,39.98846060103082,99.9
166," 4004 US-130, Suite 10",Delran,NJ,08075,-74.96093419137108,40.01246191499045,99.9
167, 701 Delran Parkway,Delran,NJ,08075,-74.96883542042612,40.01326358877743,100
168, 1310 S Fairview St,Delran,NJ,08075,-74.9451004217432,40.02056957369644,98.8
169, 1147 Cooper Street,Edgewater Park,NJ,08010,-74.90834112973353,40.0522930408139,99.9
170, 306 Broad Street,Florence,NJ,08518,-74.80517834183065,40.12010485870768,100
171, 1520 NJ-38 East,Hainesport,NJ,08036,-74.84085633179217,39.96924577279444,89.99
172, 1491 NJ 38,Hainesport,NJ,08036,-74.82141499999994,39.98507500000005,87.2
173,1636 NJ-38 Suite 49,Lumberton,NJ,08048,-74.79789499999998,39.97951500000005,85
174, 401 Taunton Lake Road,Marlton,NJ,08053,-74.8734185168861,39.85959149424913,100
175,360 NJ-73,Marlton,NJ,08053,-74.93870499999997,39.89801500000004,86.67
176,180 W Greentree Rd,Evesham Township,NJ,08053,-74.9250840293099,39.91237735342127,100
177, 235 North Maple Avenue,Marlton,NJ,08053,-74.92452794517565,39.91486277463738,100
178, 307 W Rte 70,Marlton,NJ,08053,-74.93280445286393,39.89472309057726,100
179, 404 NJ-73 S,Evesham Township,NJ,08053,-74.88073730368032,39.89719940642217,89.33
180,150 E Route 70,Marlton,NJ,08053,-74.91588802771452,39.89591698623073,99.88
181, 235 N Maple Avenue,Marlton,NJ,08053,-74.92452794517565,39.91486277463738,100
182, 307 NJ-70,Marlton,NJ,08053,-74.93870499999997,39.89801500000004,86.67
183, 200 Tuckerton Road Building K,Medford,NJ,08055,-74.84697411528197,39.87136500881564,100
184,175 US-70,Medford,NJ,08055,-74.80268499999994,39.86004500000007,86.67
185, 5 Wilkins Station Road  Suite 100,Medford,NJ,08055,-74.82472510767397,39.90983450781094,100
186, 409 Stokes Road,Medford,NJ,08055,-74.81700948198173,39.87740806763879,100
187, 208 Route 70 East,Medford,NJ,08055,-74.82248579842117,39.904992743350746,98.85
188, 219 West Main Street,Moorestown,NJ,08057,-74.95103204696167,39.96209090921895,100
189, 121 West Main Street,Moorestown,NJ,08057,-74.94917239758615,39.96283449696512,100
190, 508 High Street,Mt. Holly,NJ,08060,-74.79416242558239,40.00445353798772,100
191, 531 High Street Fairgrounds Plaza,Mt. Holly,NJ,08060,-74.7948794421294,40.005290526289464,96.18
192, 100 Centerton Road,Mt. Laurel,NJ,08054,-74.90811959603231,39.973341589780986,100
193, 3110 NJ38,Mt. Laurel,NJ,08054,-74.91738999999995,39.93465500000008,86.09
194, 4 Centerton Road,Mt. Laurel,NJ,08054,-74.91500801170012,39.96784201356016,100
195, 127 Ark Road,Mt. Laurel,NJ,08054,-74.8713553114193,39.97377292251838,99.9
196, 892 Union Mill Road,Mt. Laurel,NJ,08054,-74.9159886105524,39.9389526946184,100
197, 1000 Nixon Drive,Mt. Laurel,NJ,08054,-74.96473655922485,39.939286079460274,97.13
198, 3046 NJ-38,Mt. Laurel,NJ,08054,-74.91738999999995,39.93465500000008,86.09
199, 934 NJ-73,Mt. Laurel,NJ,08054,-74.91738999999995,39.93465500000008,87.27
200, 2 Centerton Road,Mt. Laurel,NJ,08054,-74.91603404046784,39.96760099193435,100
201, 200 Larchmont,Mt. Laurel,NJ,08054,-74.87036105006496,39.95325234716435,98.82
202, 700 Broad Street,Riverton,NJ,08077,-75.01008829800882,40.010940544312334,100
203, 1805 US 206,Southampton,NJ,08088,-74.7409319725248,39.894617169681624,99.9
204, 1497 US-206,Tabernacle,NJ,08055,-74.73426609860223,39.8491519207044,99.4
205, 71 Springside Road,Westampton,NJ,08060,-74.85661037326007,40.02328759458641,99.9
206, 800 Woodlane Road,Westampton,NJ,08060,-74.80266821328675,40.01177613623976,100
207, 100 Springside Road,Westampton,NJ,08060,-74.85617178615576,40.02421674237912,98.8
208, 4362 US-130,Willingboro,NJ,08046,-74.89305579728843,40.05324017298088,100
209, 217 Sunset Road,Willingboro,NJ,08046,-74.88168148085555,40.0487017305796,100
210,23 Levitt Parkway,Willingboro,NJ,08046,-74.89240905963436,40.05055781921887,100
211,4296 US-130,Willingboro,NJ,08046,-74.90374667974604,40.04628611114423,100
212, 1 Rose Street,Willingboro,NJ,08046,-74.91400922411779,40.0360600184818,100
213, 217 Sunset Road,Willingboro,NJ,08046,-74.88168148085555,40.0487017305796,100
214, 546 Sykesville Road,Wrightstown,NJ,08562,-74.6179795757696,40.042305648850956,100
215, 375 White Horse Pike,Atco,NJ,08004,-74.89608720638613,39.7683185617291,100
216,100 N. Blackhorse Pike,Audubon,NJ,08106,-75.09388880575729,39.89968175995148,97.87
217, 130 E Black Horse Pike,Audubon,NJ,08106,-75.08702402705654,39.89210099908155,98.87
218, 501 Clements Bridge Road,Barrington,NJ,08007,-75.05402531244532,39.86687075806178,100
219, 1 West White Horse Pike,Berlin,NJ,08009,-74.93387064660622,39.79779624836407,100
220,186 S White Horse Pike,Berlin,NJ,08009,-74.9296153172535,39.79153177004538,100
221, 701 College Drive,Blackwood,NJ,08012,-75.0348958186451,39.79153830246779,100
222, 5000 NJ-42,Blackwood,NJ,08012,-75.06059999999997,39.79539500000004,86.67
223, 2 South Black Horse Pike,Blackwood,NJ,08012,-75.06687225544222,39.801922868844976,100
224, 625 N. Black Horse Pike,Blackwood,NJ,08012,-75.06825895750345,39.81086879028513,100
225, 702 Browning Road,Brooklawn,NJ,08030,-75.11423774221923,39.877876550396934,100
226, Route 130 & Browning Ln,Brooklawn,NJ,08030,-75.11501991893864,39.87821004813455,100
227, 3004 Mt Ephraim Avenue,Camden,NJ,08104,-75.09660529675729,39.90617593280331,100
228, 1426 Mt. Ephraim Avenue,Camden,NJ,08104,-75.10753446030779,39.929280313630265,100
229, 2626 Federal Street,Camden,NJ,08105,-75.08783204252265,39.94620597453145,100
230, 2137 NJ-38,Cherry Hill,NJ,08002,-75.03218999999996,39.942390000000046,87.2
231, 823 Cooper Landing Road,Cherry Hill,NJ,08002,-75.01029345668293,39.93814749318292,100
232, 1509 NJ-38,Cherry Hill,NJ,08002,-75.03218999999996,39.942390000000046,87.2
233,2230-40 W Route 70,Cherry Hill,NJ,08002,-75.04386602670134,39.92352198805824,99.24
234, 1819 W Route 70,Cherry Hill,NJ,08002,-75.03353097244796,39.91842998187917,99.88
235, 2100 W Route 70,Cherry Hill,NJ,08002,-75.03817907303485,39.92121621031374,99.88
236, 100 Springdale Road,Cherry Hill,NJ,08003,-74.97485127997373,39.86075758461887,100
237, 400 E. Evesham Road,Cherry Hill,NJ,08003,-74.97308798310635,39.86109926140547,100
238, 600 North Kings Highway,Cherry Hill,NJ,08034,-74.99858210920236,39.92478544926834,99.89
239, 1 East Route 70,Cherry Hill,NJ,08034,-75.01100402093074,39.9125429940934,99.88
240, 1360 Brace Road,Cherry Hill,NJ,08034,-75.01706874697345,39.89383177826832,100
241, 504 North Kings Highway,Cherry Hill,NJ,08034,-74.99708763090763,39.9261006386607,99.89
242, 500 NJ-38,Cherry Hill,NJ,08034,-74.99354499999998,39.91192500000005,88.33
243, 109 Berlin Road,Clementon,NJ,08021,-74.98714946519621,39.805293362762455,100
244, 101 White Horse Pike,Clementon,NJ,08021,-74.99550345120748,39.82149566049755,100
245, 1360 Blackwood Clementon Rd,Clementon,NJ,08021,-75.03335822142351,39.80369840739456,100
246, 1224 Blackwood Clementon Road,Clementon,NJ,08021,-75.02506126063062,39.804082462429236,100
247, 664 Haddon Avenue,Collingswood,NJ,08108,-75.0700232643029,39.916550507730086,100
248, 74 South Lakeview Drive,Gibbsboro,NJ,08026,-74.95863388989095,39.83744172837466,100
249, 1301 Black Horse Pike,Glendora,NJ,08029,-75.07073865973898,39.84357271336182,100
250, 455 South Broadway,Gloucester City,NJ,08030,-75.12058020682245,39.887426502909854,100
251, 400 Kings Highway,Haddon Heights,NJ,08035,-75.06005927690308,39.88666520914372,100
252, 249 Cuthbert Boulevard,Haddon Township,NJ,08108,-75.05671244417124,39.91964541141852,99.53
253, 650 W. Cuthbert Boulevard,Haddon Township,NJ,08108,-75.06338856884422,39.90233278828771,100
254, 8 Haddon Avenue,Haddon Township,NJ,08108,-75.05612816431382,39.912671530578535,100
255, 202 Kings Highway East,Haddonfield,NJ,08033,-75.03211929231513,39.897920009632514,100
256, 715 Haddon Avenue,Haddonfield,NJ,08033,-75.04202184036467,39.90504768672637,99.55
257," 423 W. Crystal Lake Avenue,  Suite 7",Haddonfield,NJ,08033,-75.05230926051337,39.900896082218026,100
258, 1492 Chews Landing,Laurel Springs,NJ,08021,-75.05404486025363,39.82727664709211,98.72
259, 1200 Chews Landing Road,Laurel Springs,NJ,08021,-75.03865355723083,39.819977012520724,99.9
260, 130 White Horse Pike,Lawnside,NJ,08045,-75.04084191985491,39.868153314975906,99.55
261, 1001 Berlin Road  N,Lindenwold,NJ,08021,-75.00430889195026,39.833845179450734,100
262, 630 Chews Landing Road,Lindenwold,NJ,08021,-75.0180631759661,39.812106043012726,100
263, 100 N White Horse Pike,Magnolia,NJ,08049,-75.02853158629904,39.85681163606079,100
264, 18 W Maple Avenue,Merchantville,NJ,08109,-75.05000763567512,39.9502144448636,100
265, 14 South Centre Street,Merchantville,NJ,08109,-75.04899275559669,39.951809939796114,100
266, 24 South Black Horse Pike,Mount Ephraim,NJ,08059,-75.08572725876625,39.88088227839767,100
267, 20 W. Kings Highway,Mount Ephraim,NJ,08059,-75.086840547196,39.88138176029603,100
268, 4 White Horse Pike,Oaklyn,NJ,08107,-75.08149733537886,39.90760370619012,100
269, 7500 Maple Avenue,Pennsauken,NJ,08109,-75.03165443196504,39.952273424692464,100
270, 4315 Marlton Pike,Pennsauken,NJ,08109,-75.07290228040554,39.93598994330328,100
271, 7835 Maple Avenue,Pennsauken,NJ,08109,-75.02538988135075,39.95295755562986,100
272, 4902 Westfield Avenue,Pennsauken,NJ,08110,-75.06542327584017,39.958533197622046,100
273, 4601 Westfield Avenue,Pennsauken,NJ,08110,-75.06791244962626,39.95704675091301,100
274, 824 N Black Horse Pike,Runnemede,NJ,08078,-75.07529734489093,39.85607684742915,100
275, 501 E Evesham Road,Runnemede,NJ,08078,-75.05886167057749,39.84804487780138,100
276, 589 Berlin Cross Keys Road,Sicklerville,NJ,08081,-75.00207375290476,39.73803225190855,100
277, 487 Cross Keys Road,Sicklerville,NJ,08081,-74.99299827047501,39.74597546861807,100
278, 403 Sicklerville Road,Sicklerville,NJ,08081,-74.97050031785416,39.71768101198484,100
279, 2090 Erial Clementon Road,Sicklerville,NJ,08081,-75.00593900447993,39.77358864144134,100
280, 677 Cross Keys Road,Sicklerville,NJ,08081,-75.0140356723724,39.727701883985034,100
281, 515 Berlin-Cross Keys Road,Sicklerville,NJ,08081,-74.99538885253565,39.74387893702272,100
282, 542 Berlin-Cross Keys Road,Sicklerville,NJ,08081,-74.99683608447641,39.7424478252109,100
283, 1601 Kearsley Road,Sicklerville,NJ,08081,-74.9865997745595,39.7781180961886,100
284, 590 Cross Keys Road,Sicklerville,NJ,08081,-75.0022868884592,39.737670838192905,100
285, 608 N Warwick Road,Somerdale,NJ,08083,-75.0318936459723,39.8499026845758,100
286, 1 Coopertowne Boulevard,Somerdale,NJ,08083,-75.02352322046244,39.85385077225722,100
287, 69 South White Horse Pike,Stratford,NJ,08084,-75.00095696887044,39.82971499666094,100
288, 100 Warwick Road,Stratford,NJ,08084,-75.01921437655747,39.83087297127105,100
289, 4001 Black Horse Pike,Turnersville,NJ,08012,-75.03922686942474,39.735650023225595,99.9
290, 3501 Route 42,Turnersville,NJ,08012,-75.03456060543411,39.7310975472121,99.9
291, 1000 Kresson Road,Voorhees,NJ,08043,-74.9421858298324,39.86753992730159,100
292, 1139 White Horse Road,Voorhees,NJ,08043,-74.98501861234402,39.85137270290912,100
293, 480 Centennial Boulevard,Voorhees,NJ,08043,-74.95040696810474,39.856294975549055,100
294, 700 Haddonfield Berlin Road,Voorhees,NJ,08043,-74.98029867884736,39.851865516906315,100
295, 111 Route 73,Voorhees,NJ,08043,-74.92689723844049,39.83077392439861,100
296, 700 Haddonfield-Berlin Road,Voorhees,NJ,08043,-74.98029867884736,39.851865516906315,100
297," 900 Centennial Boulevard,  Building 2,  Suite 205",Voorhees,NJ,08043,-74.94214442323043,39.86653988243378,100
298, 200 Route 73 North,West Berlin,NJ,08091,-74.90931461434633,39.78434212325723,100
299, Route 73 & Minick Avenue,West Berlin,NJ,08091,-74.93110989915725,39.807610032059074,95.71
300,"265 N, NJ-73",West Berlin,NJ,08091,-74.93630499999995,39.808430000000044,87.2
301, 416 W Cuthbert Boulevard,Westmont,NJ,08108,-75.05954452638346,39.90813709792715,99.9
302,Court Hourse South Dennis Rd,Cape May Court House,NJ,08210,-74.82345766784444,39.12912166904129,99.62
303,11 Court House South Dennis Rd,Cape May Court House,NJ,08210,-74.8194930303509,39.08941201876163,100
304, 1 Route US 9 South,Marmora,NJ,08223,-74.64740544308312,39.2645092258529,100
305, 4 W. Roosevelt Boulevard,Marmora,NJ,08223,-74.64929349014118,39.26594876373188,100
306, 3221 Bayshore Road,North Cape May,NJ,08204,-74.93583653817676,38.99410982569404,99.9
307, 3845 Bayshore Road,North Cape May,NJ,08204,-74.93869501861683,38.9749010181869,99.9
308,2504 Delaware Ave,North Wildwood,NJ,08260,-74.81250548455824,38.99704179612357,100
309, 800 W. Avenue,Ocean City,NJ,08226,-74.57016499999997,39.28284000000008,85
310, 1601 Haven Avenue,Ocean City,NJ,08226,-74.5878649591719,39.27251683972447,100
311, 3401 Simpson Avenue,Ocean City,NJ,08226,-74.6135129148645,39.25273875027244,100
312,50 West Avenue,Ocean City,NJ,08226,-74.5652249155089,39.28878173989224,100
313, 1700 NJ-47,Rio Grande,NJ,08242,-74.87551999999994,39.01519500000006,86.67
314, 1700 Route 47 S,Rio Grande,NJ,08242,-74.86950626357884,39.01065381663447,98.04
315, 3300 Route 9 S,Rio Grande,NJ,08242,-74.87362253240934,39.01693911245872,100
316, 3159 Route 9 South,Rio Grande,NJ,08242,-74.87067511997718,39.02048939327749,100
317, 6110 Landis Avenue,Sea Isle City,NJ,08243,-74.70217321752678,39.141656467291405,100
318, 2078 US Highway 9 South,Seaville,NJ,08230,-74.70241479072678,39.210206626509255,96.21
319, 1501 Baysore Road,Villas,NJ,08251,-74.93310236136128,39.023938085429386,97.34
320, 76 Landis Avenue,Vineland,NJ,08360,-75.03600497498921,39.4866824240829,99.55
321, 1163 East Chestnut Avenue,Vineland,NJ,08360,-75.00257878331588,39.47784810768325,100
322, 3629 E. Landis Avenue,Vineland,NJ,08361,-74.95847153242607,39.482953692545536,100
323, 139 Myrtle Avenue,West Cape May,NJ,08204,-74.92929952548343,38.93506397412137,100
324, 5100 Park Boulevard,Wildwood,NJ,08260,-74.82875345034009,38.98466010996366,100
325, 3400 New Jersey Avenue,Wildwood,NJ,08260,-74.81555773635196,38.99076385376551,100
326, 5000 Park Boulevard,Wildwood,NJ,08260,-74.82811223474718,38.98513917763971,100
327, 1070 North Pearl Street,Bridgeton,NJ,08302,-75.20922062021891,39.458882669091956,100
328, 52 East Broad Street,Bridgeton,NJ,08302,-75.23326384612979,39.426823439740865,100
329, 1070 North Pearl Street,Bridgeton,NJ,08302,-75.20922062021891,39.458882669091956,100
330, 52 East Broad Street,Bridgeton,NJ,08302,-75.23326384612979,39.426823439740865,100
331, 9 Landis Avenue,Bridgeton,NJ,08302,-75.20659103766383,39.46177949638182,100
332, 25 E. Broad Street,Bridgeton,NJ,08302,-75.23430906945572,39.426975319826646,100
333, 1130 Highway 77,Bridgeton,NJ,08302,-75.20884199776167,39.46657398690775,100
334, 1209 N High Street,Millville,NJ,08332,-75.03983600765439,39.41160395714065,99.89
335, 2100 N 2nd Street,Millville,NJ,08332,-75.0395471300994,39.42192793138173,100
336, 1700 East Main Street,Millville,NJ,08332,-75.01771189040396,39.39463802119476,100
337, 907 North High Street,Millville,NJ,08332,-75.03920845456372,39.40585828824241,99.89
338, 907 North High Street,Millville,NJ,08332,-75.03920845456372,39.40585828824241,99.89
339, 1700 East Main Street,Millville,NJ,08332,-75.01771189040396,39.39463802119476,100
340, 2130 N. 2nd Street,Millville,NJ,08332,-75.03960301449233,39.42246110458266,100
341, 2130 North 2nd Street,Millville,NJ,08332,-75.03960301449233,39.42246110458266,100
342, 1111 North High Street,Millville,NJ,08332,-75.03944211042173,39.40826898168157,100
343, 2291 N 2nd Street,Millville,NJ,08332,-75.03990507453673,39.42634168985596,100
344, 1000 N Pearl Street,Upper Deerfield,NJ,08302,-75.21330301426971,39.45752299831133,98.33
345, 1889 South Lincoln Avenue,Vineland,NJ,08361,-74.98582511906774,39.45749734968751,100
346, 2791 S Delsea Drive,Vineland,NJ,08360,-75.04191312708035,39.44606686450826,100
347, 7 West Landis Avenue,Vineland,NJ,08360,-75.04224773265526,39.486906849540084,100
348, 970 North Main Road,Vineland,NJ,08360,-74.9952285247834,39.49869716982302,100
349, 7 West Landis Avenue,Vineland,NJ,08360,-75.04224773265526,39.486906849540084,100
350, 970 North Main Road,Vineland,NJ,08360,-74.9952285247834,39.49869716982302,100
351, 1889 S. Lincoln Avenue,Vineland,NJ,08360,-74.98546652128653,39.45776271187835,99.52
352, 2791 S. Delsea Drive,Vineland,NJ,08360,-75.04191312708035,39.44606686450826,100
353, 301 South Main Road,Vineland,NJ,08360,-75.0006752531043,39.48012019017703,100
354, 1255 West Landis Avenue,Vineland,NJ,08360,-75.04953019548351,39.48720038516283,100
355, 3600 East Landis Avenue,Vineland,NJ,08360,-74.9576763412718,39.4829776647888,99.52
356, 3600 E Landis Avenue,Vineland,NJ,08360,-74.9576763412718,39.4829776647888,99.52
357, 1015 North Main Road,Vineland,NJ,08360,-74.99482082901267,39.4999688302632,100
358, 950 W. Landis Avenue,Vineland,NJ,08360,-75.04372873112733,39.487042133457656,100
359, 1070 W. Landis Avenue,Vineland,NJ,08360,-75.04731501221997,39.4894689877934,100
360, 519 Washington Avenue,Belleville,NJ,07109,-74.14797294400252,40.79836844861892,100
361, 175 Washington Avenue,Belleville,NJ,07109,-74.15302092868514,40.787021294602674,100
362, 597 Washington Avenue,Belleville,NJ,07109,-74.14685830201346,40.80070110540872,100
363, 345 Franklin Avenue,Belleville,NJ,07109,-74.16984215107281,40.801972765848966,100
364, 250 Glenwood Avenue,Bloomfield,NJ,07003,-74.20035722395423,40.79106065947146,100
365, 331 Broad Street,Bloomfield,NJ,07003,-74.19316949052406,40.80588489342743,100
366,105 Bloomfield Avenue,Bloomfield,NJ,07003,-74.18820916404397,40.7776317190275,100
367, 1409 Broad Street,Bloomfield,NJ,07003,-74.1841205554939,40.8368994858289,100
368, 17 Belleville Avenue,Bloomfield,NJ,07003,-74.18022372488872,40.79679702445722,100
369, 1041 Pompton Avenue,Cedar Grove,NJ,07009,-74.23483978688466,40.86762540548469,100
370, 387 Pompton Avenue,Cedar Grove,NJ,07009,-74.22853345773058,40.84650969619407,100
371, 317 Central Avenue,East Orange,NJ,07018,-74.21483805133722,40.754749626272684,100
372, 80 Central Avenue,East Orange,NJ,07018,-74.20543910442731,40.75162100513204,100
373, 543 Central Avenue,East Orange,NJ,07018,-74.22255943801463,40.76001055641331,100
374, 533 Main Street,East Orange,NJ,07018,-74.21849214202662,40.76698531898048,100
375, 508 Dr. Martin Luther King Boulevard,East Orange,NJ,07018,-74.21659739648867,40.76573310714297,100
376, 632 Route 46 East,Fairfield,NJ,07004,-74.27168482819985,40.89044130988103,100
377, 397 US-46,Fairfield,NJ,07004,-74.29031524541345,40.88266287505762,100
378, 35 Mill Road,Irvington,NJ,07111,-74.24911509809868,40.71348712356051,100
379, 1200 Clinton Avenue Suite 1,Irvington,NJ,07111,-74.23200117155538,40.72830421883997,100
380, 810 Springfield Avenue,Irvington,NJ,07111,-74.21898751250423,40.72861657046187,100
381, 184 S Livingston Avenue,Livingston,NJ,07039,-74.31353714052301,40.78976582306889,100
382, 343 W. Mt. Pleasant Avenue,Livingston,NJ,07039,-74.33951223936839,40.79595657102563,100
383, 483 S Livingston Avenue,Livingston,NJ,07039,-74.3223989076549,40.775652332592436,100
384, 45 S. Livingston Avenue Suite 1,Livingston,NJ,07039,-74.31502124029903,40.79406691286438,100
385, 453 Valley St,Maplewood,NJ,07040,-74.26607905620065,40.737587428063925,100
386, 1633 Springfield Avenue,Maplewood,NJ,07040,-74.25842067890727,40.722279306837414,100
387, 187 Millburn Avenue,Millburn,NJ,07041,-74.29630746799346,40.72261399623143,100
388, 49 Claremont Avenue,Montclair,NJ,07042,-74.20748192547235,40.81268630494035,100
389, 514 Bloomfield Avenue,Montclair,NJ,07042,-74.21883437513321,40.81485801414345,100
390,461 Bloomfield Avenue,Newark,NJ,07107,-74.18367639844463,40.77107409516873,100
391, 275 Chestnut Street,Newark,NJ,07105,-74.16429500755126,40.72283942751709,100
392,42 Ferry Street,Newark,NJ,07105,-74.16322245922089,40.73258460533462,100
393, 1084 Broad Street,Newark,NJ,07102,-74.17835590158509,40.724961557763116,100
394, 104 12th Avenue,Newark,NJ,07107,-74.19186845151333,40.74277381447264,100
395, 206 Springfield Avenue,Newark,NJ,07103,-74.18712295321149,40.73491917491655,100
396,579 Irvington Avenue,Newark,NJ,07106,-74.24916814744894,40.734594837173276,100
397, 361 Bergen Street,Newark,NJ,07103,-74.19607742419291,40.7315624741519,100
398, 3 Penn Plaza East,Newark,NJ,07105,-74.16211907354061,40.733979236348176,98.7
399, 61 Ferry Street,Newark,NJ,07105,-74.16269490223506,40.73210176580215,100
400,217 Harrison Street,Nutley,NJ,07110,-74.16654546473481,40.81261572931548,100
401, 437 Franklin Avenue,Nutley,NJ,07110,-74.15786633927277,40.82160431464279,100
402, 45 Eisenhower Parkway,Roseland,NJ,07068,-74.32706025734139,40.82103882725148,100
403, 587 Millburn Avenue,Short Hills,NJ,07078,-74.32539233673616,40.71718956377229,100
404, 139 S Orange Avenue,South Orange,NJ,07079,-74.25588498555864,40.74538779479707,100
405, 565 Valley Road,Upper Montclair,NJ,07043,-74.20766020855285,40.839448925498615,100
406, 342 Claremont Avenue,Verona,NJ,07044,-74.24300124600667,40.83068547809068,100
407, 560 Passaic Avenue,West Caldwell,NJ,07006,-74.29693924011464,40.849729357822106,99.9
408, 540 Passaic Avenue,West Caldwell,NJ,07006,-74.29777715089601,40.84897470700023,100
409, 601 Passiac Avenue,West Caldwell,NJ,07006,-74.29450837629597,40.85220488293671,96.86
410, 217 Main Street,West Orange,NJ,07052,-74.23318494774063,40.78511856067224,100
411, 20 South Valley Road,West Orange,NJ,07052,-74.25075995001212,40.766578686332814,100
412, 265 Prospect Avenue,West Orange,NJ,07052,-74.24803876981514,40.80271204970903,100
413, 1 Rooney Circle,West Orange,NJ,07052,-74.25389457017648,40.79459109507902,100
414,262 Main St,West Orange,NJ,07052,-74.23217970609305,40.786476261348724,100
415, 236 S. Delsea Drive,Clayton,NJ,08312,-75.09026262680561,39.652221868583986,100
416, 1900 Deptford Center Road,Deptford,NJ,08096,-75.09166332664512,39.828711724760474,99.9
417, 860 Cooper Street,Deptford,NJ,08096,-75.12846918549778,39.829922155398044,99.9
418, 2000 Clements Bridge Road Suite 116,Deptford,NJ,08096,-75.08985803233945,39.837606768049326,100
419, 1077 Mantua Pike,Deptford,NJ,08096,-75.16843473749908,39.80451427075288,100
420, 2000 Clements Bridge Road Suite 100,Deptford,NJ,08096,-75.08985803233945,39.837606768049326,100
421, 820 Cooper Street,Deptford,NJ,08096,-75.12922498170715,39.832624019977004,99.9
422, 380 Harmony Road,Gibbstown,NJ,08027,-75.25962400960707,39.81761052264729,100
423, 1060 N Delsea Drive,Glassboro,NJ,08028,-75.11569684143905,39.72304739976445,99.89
424, 350 Buck Road,Glassboro,NJ,08028,-75.11850680342938,39.67407342840385,100
425, 695 North Delsea Drive,Glassboro,NJ,08028,-75.1144662104149,39.71972472952665,99.89
426, 201 Dalton Drive,Glassboro,NJ,08028,-75.11011839999998,39.70658320000007,85
427, 201 Delsea Drive N,Glassboro,NJ,08028,-75.10878101694813,39.70695636687191,100
428, 524 Mullica Hill Road,Harrison Township,NJ,08062,-75.1676718495636,39.72282599179195,100
429, 335 Village Center Drive,Logan Township,NJ,08085,-75.35672542422863,39.758815788551686,100
430, 2037 West Boulevard,Malaga,NJ,08328,-75.05358014956752,39.571626181514645,100
431, 210 Bridgeton Pike,Mantua,NJ,08051,-75.17501984498243,39.79105971278215,100
432, 180 Bridgeton Pike,Mantua,NJ,08051,-75.17387227861869,39.79244612147687,100
433, 451 Cedar Road,Mullica Hill,NJ,08062,-75.21155563891479,39.75234487548109,100
434, 108 Swedesboro Road Suite 20,Mullica Hill,NJ,08062,-75.2258008509992,39.74334971036013,100
435, 143 Bridgeton Pike,Mullica Hill,NJ,08062,-75.21964033226185,39.723168888482306,100
436, 231 West Broad Street,Paulsboro,NJ,08066,-75.24466399071163,39.82919959106458,100
437, 1 East Street Broad,Paulsboro,NJ,08066,-75.24003350299995,39.82951434600005,85
438, 307 Egg Harbor Road,Sewell,NJ,08080,-75.08547345878833,39.76376563765282,100
439, 675 Woodbury Glassboro Road,Sewell,NJ,08080,-75.133700212628,39.76634218258302,100
440, 490 Hurfville-Cross Keys,Sewell,NJ,08080,-75.07484000878168,39.73864700167377,98.33
441, 500 Woodbury Glassboro Road,Sewell,NJ,08080,-75.12757508788631,39.749858719180175,100
442, 415 Egg Harbor Road,Sewell,NJ,08080,-75.07484612757108,39.749123752000266,100
443, 382 Egg Harbor Road,Sewell,NJ,08080,-75.07703715706104,39.75200532458353,100
444, 500 Egg Harbor Road,Sewell,NJ,08080,-75.06932840452954,39.74209699302086,100
445, 1619 Center Square Road,Swedesboro,NJ,08085,-75.35444386820761,39.755110643195216,100
446, 631 Mantua Avenue,West Deptford,NJ,08066,-75.23968006395245,39.837676168629656,99.9
447, 1098 Mantua Pike,Wenonah,NJ,08090,-75.16864859274054,39.803374572565474,100
448, 1000 Kings Highway,West Deptford,NJ,08086,-75.19296793043279,39.816925302062465,100
449, 2305 Glassboro-Crosskeys Road,Williamstown,NJ,08094,-75.05234147191622,39.71128851161853,100
450, 1239 S. Blackhorse Pike,Williamstown,NJ,08094,-74.97790178981536,39.67236400100965,99
451, 1881 N Black Horse Pike,Williamstown,NJ,08094,-75.01668292797025,39.7130840829168,100
452, 1434 S. Black Horse Pike,Williamstown,NJ,08094,-74.97253809141232,39.66830821642185,100
453, 2080 North Black Horse Pike,Williamstown,NJ,08094,-75.01999201952479,39.720256016459444,100
454, 100 S Blackhorse Pike,Williamstown,NJ,08094,-74.99103807610948,39.68767660655458,99
455, 13 N. Black Horse Pike,Williamstown,NJ,08094,-74.99330160906239,39.6895930029868,100
456, 1840 S. Black Horse Pike,Williamstown,NJ,08094,-74.96358698914558,39.66115035937551,100
457, 25 E Red Bank Avenue,Woodbury,NJ,08096,-75.1481430320074,39.84314306284453,100
458, 343 S. Broad Street,Woodbury,NJ,08096,-75.15694427078454,39.833199982453735,100
459, 1408 Delsea Drive,Woodbury,NJ,08096,-75.12488365877667,39.82831002205066,100
460, 121 Center Square Road,Woolwich,NJ,08085,-75.32570349766206,39.73832832171505,98.14
461, 2006 US-322,Woolwich,NJ,08085,-75.30594467417883,39.76175230041512,98.1
462, 455 Broadway,Bayonne,NJ,07002,-74.11950966069453,40.66247467913781,100
463,280 Broadway,Bayonne,NJ,07002,-74.12471985170832,40.65623066418623,100
464, 1097 Broadway,Bayonne,NJ,07002,-74.10008979686546,40.68545115212237,100
465,16 North Street,Bayonne,NJ,07002,-74.12983080098864,40.65480758466507,100
466, 583 Avenue C,Bayonne,NJ,07002,-74.11872575806834,40.66741449285119,100
467, 1080 Broadway,Bayonne,NJ,07002,-74.1004119972234,40.68497447328868,100
468, 699 Broadway,Bayonne,NJ,07002,-74.1124356696906,40.670857546232135,100
469, 500 Bayonne Crossing Way,Bayonne,NJ,07002,-74.10804280247454,40.660377371258235,100
470, 432 Bergen Street,Harrison,NJ,07029,-74.15509799213905,40.74331669596298,100
471, 210 14th Street,Hoboken,NJ,07030,-74.0284837353699,40.753768286444625,100
472, 59 Washington Street,Hoboken,NJ,07030,-74.03136321996863,40.735726771287474,100
473, 811 Clinton Street,Hoboken,NJ,07030,-74.03258504999454,40.74753385537654,100
474, 511 Washington Street,Hoboken,NJ,07030,-74.02928886657078,40.7426301905618,100
475, 1300 Willow Avenue,Hoboken,NJ,07030,-74.02995330003563,40.753000825994214,100
476, 900 Madison Street,Hoboken,NJ,07030,-74.03620360141457,40.748790344572086,100
477, 900 Madison Street,Hoboken,NJ,07030,-74.03620360141457,40.748790344572086,100
478, 101 Washington Street,Hoboken,NJ,07030,-74.03081454058676,40.73757795651328,100
479, 125 18th Street,Jersey City,NJ,07310,-74.03729039898018,40.73356139042102,100
480, 321 NJ-440,Jersey City,NJ,07305,-74.09981897757416,40.707065775388415,100
481, 88 Morgan Street,Jersey City,NJ,07302,-74.03556900752501,40.71946126908042,100
482, 70 Hudson Street,Jersey City,NJ,07302,-74.03453107645475,40.71444822042922,100
483, 100 14th Street,Jersey City,NJ,07310,-74.03589984124332,40.73130154550638,100
484, 165 Erie Street,Jersey City,NJ,07310,-74.04334439594967,40.72844046683141,99.51
485,2859-61 John F. Kennedy Boulevard,Jersey City,NJ,07306,-74.06520004107858,40.73165199287783,99.55
486, 981 West Side Avenue,Jersey City,NJ,07306,-74.07241610534145,40.73276867192839,100
487, 337 Central Avenue,Jersey City,NJ,07307,-74.04907158298842,40.74652174056813,100
488, 395 Danforth Avenue,Jersey City,NJ,07305,-74.09853839040674,40.704995696761095,100
489, 1212 Summit Avenue,Jersey City,NJ,07307,-74.04519839145634,40.75638718718624,100
490, 981 West Side Avenue,Jersey City,NJ,07306,-74.07241610534145,40.73276867192839,100
491, 400 Marin Boulevard,Jersey City,NJ,07302,-74.04072924239591,40.72289152104543,100
492, 2395 John F. Kennedy Boulevard,Jersey City,NJ,07304,-74.0777238617083,40.7195835610478,100
493, 1561 John F Kennedy Boulevard,Jersey City,NJ,07047,-74.04230206101637,40.764739861238944,99.07
494, 581 Kearny Avenue,Kearny,NJ,07032,-74.14520036156534,40.77065483237182,100
495, 248 Kearny Avenue,Kearny,NJ,07032,-74.15150380421032,40.75969989446908,100
496, 100 Passaic Avenue,Kearny,NJ,07032,-74.16181781988666,40.756711452620394,100
497, 465 Kearny Avenue,Kearny,NJ,07032,-74.14717071520009,40.766864081919614,100
498, 150 Harrison Avenue,Kearny,NJ,07032,-74.13558868050156,40.74947375154459,100
499, 7101 Tonnelle Avenue,North Bergen,NJ,07047,-74.02159067523753,40.80105318725168,100
500, 9015 Bergenline Avenue,North Bergen,NJ,07047,-74.00168399047196,40.80893330779348,100
501,11 Bergenline Avenue,North Bergen,NJ,07047,-74.00566945388599,40.803082524237254,98.06
502, 3147 Kennedy Boulevard,North Bergen,NJ,07047,-74.03380193469793,40.774811962980436,100
503, 7401 River Road,North Bergen,NJ,07047,-73.99773829281176,40.793171396686645,100
504, 9255 Kennedy Boulevard,North Bergen,NJ,07047,-74.00180653389627,40.809841109816865,100
505, 2100 88th Street,North Bergen,NJ,07047,-74.014613830491,40.81259221807743,100
506, 101 Plaza Center,Secaucus,NJ,07094,-74.05653943962267,40.79121321010932,100
507, 300 Park Place,Secaucus,NJ,07094,-74.05118491223602,40.796160041725344,90.91
508, 400 Park Place,Secaucus,NJ,07094,-74.05118491223602,40.796160041725344,90.91
509, 714 Summit Avenue,Union City,NJ,07087,-74.04380251249685,40.75838764842459,100
510, 4700 Bergenline Avenue,Union City,NJ,07087,-74.02237122417706,40.78093862238987,100
511, 3508 Kennedy Boulevard,Union City,NJ,07087,-74.03085058277046,40.77529023437539,100
512, 3333 Park Avenue,Union City,NJ,07087,-74.02355914987308,40.77002318420079,100
513, 4100 Park Avenue,Weehawken,NJ,07086,-74.02066036780381,40.77450355085279,100
514,19-21 Avenue at Port Imperial,West New York,NJ,07093,-74.00842580665297,40.78050935211618,99.52
515, 5300 Bergenline Avenue,West New York,NJ,07093,-74.01945069153761,40.78473860900136,100
516, 5706 Bergenline Avenue,West New York,NJ,07093,-74.01766887332485,40.787062269044554,100
517, 6012 Kennedy Boulevard West,West New York,NJ,07093,-74.0218264823477,40.791667678513804,100
518, 428 County Road 513,Califon,NJ,07830,-74.84587499631843,40.72463001158303,100
519, 2 South Broadway,Camden,NJ,08103,-75.119124957389,39.94404046745212,100
520," 37 Old, US-22",Clinton,NJ,08809,-74.93152828992828,40.63242670764453,86.42
521, 50 Walmart Plaza,Clinton,NJ,08809,-74.91971621429947,40.62552595912164,100
522, 1 Walmart Plaza,Clinton,NJ,08809,-74.91965223691044,40.629759761404,100
523, 2A Walter E. Foran Boulevard,Flemington,NJ,08822,-74.85491158628173,40.52282388533539,100
524, 190 NJ-31,Flemington,NJ,08822,-74.85730774461142,40.531961950721225,100
525," 234 NJ State Highway, US-202",Flemington,NJ,08822,-74.86375330203845,40.48396313243501,90.45
526, 798 US-202,Flemington,NJ,08887,-74.77857786918919,40.53252173612467,98.1
527, 29 NJ-31,Flemington,NJ,08822,-74.85259501955142,40.5050715899585,100
528, 152 NJ-31 N,Flemington,NJ,08822,-74.85605236970399,40.5276017312362,98.85
529, 272 Highway 202/31,Flemington,NJ,08822,-74.85689852390867,40.49792254790516,100
530,299 N Main St,Lambertville,NJ,08530,-74.94660427004695,40.377108435100766,100
531, 46 Bridge Street,Milford,NJ,08848,-75.09594203675906,40.568087576221664,100
532, 531 US-22,Whitehouse Station,NJ,08889,-74.76347435021948,40.62126656091808,99.54
533, 418 US-22,Whitehouse Station,NJ,08889,-74.76897435175239,40.62481925238462,99.54
534, 531 US-22,Whitehouse Station,NJ,08889,-74.76347435021948,40.62126656091808,99.54
535, 629 Abbington Drive,East Windsor,NJ,08520,-74.4902775669987,40.26675333939664,99.9
536, 350 US-130,East Windsor,NJ,08520,-74.53467401035462,40.276882673721154,99.9
537, 70 Princeton Hightstown Road,East Windsor,NJ,08520,-74.54115995883065,40.27748301172511,100
538, 680 NJ-33 Suite 8,East Windsor,NJ,08520,-74.54233099452328,40.26094899524978,99.44
539, 319 US-130,East Windsor,NJ,08520,-74.53153661197547,40.27985555132818,100
540, 16 Princeton Hightstown Road,East Windsor,NJ,08520,-74.53901909420698,40.273514404450566,99.9
541, 839 US-130,East Windsor,NJ,08520,-74.55385124988554,40.25515357975597,100
542, 1618 N Olden Avenue,Ewing,NJ,08638,-74.75942784233756,40.244402595798526,99.9
543, 1320 Parkway Avenue,Ewing,NJ,08638,-74.80381620836806,40.26472073923089,99.41
544, 1535 Pennington Road,Ewing,NJ,08638,-74.77668824700457,40.251771071533035,99.41
545, 970 Parkway Avenue,Ewing,NJ,08638,-74.79357300742426,40.25657911730102,99.41
546, 1700 N Olden Avenue,Ewing,NJ,08638,-74.76566333627956,40.24660238564041,99.9
547, 1801 N. Olden Avenue,Ewing,NJ,08638,-74.77184244939723,40.248777575648674,99.9
548, 953 NJ-33,Hamilton Square,NJ,08690,-74.65812999999997,40.22524500000003,89.9
549, 1060 Whitehorse Mercerville Road,Hamilton,NJ,08610,-74.6949444004399,40.206881576693895,98.8
550, 2147 Hamilton Avenue,Hamilton,NJ,08619,-74.70777484341882,40.22897299855425,99.9
551, 1099 NJ-33,Hamilton,NJ,08690,-74.65812999999997,40.22524500000003,85.99
552, 200 NJ-33,Hamilton,NJ,08619,-74.69304999999997,40.23749000000004,87.17
553, 1702 Kuser Road,Hamilton,NJ,08690,-74.69270007437684,40.206755674540474,99.9
554, 2021 Nottingham Way,Hamilton,NJ,08619,-74.7091597014615,40.23301525517961,99.9
555, 1 Hamilton Health Pl.  Suite S158,Hamilton,NJ,08690,-74.67416693208473,40.21669904245832,99.9
556, 1096 NJ-33,Hamilton,NJ,08609,-74.74907499999995,40.22090500000007,85.99
557, 700 Market Place Way,Hamilton,NJ,08691,-74.63469591459217,40.19517344937989,97.94
558, 1750 Nottingham Way,Hamilton,NJ,08619,-74.71481599058409,40.232704362184656,99.9
559, 319 US-130,Hightstown,NJ,08520,-74.53153661197547,40.27985555132818,100
560, 4100 Quaker Bridge Road,Lawrence Township,NJ,08648,-74.67229852204827,40.281653218102406,100
561, 1900 Brunswick Avenue,Lawrenceville,NJ,08648,-74.73607692617504,40.250211582969854,99.9
562, 2721 Brunswick Pike,Lawrenceville,NJ,08648,-74.71841271276708,40.265117382774385,99.9
563, 160 Lawrenceville Pennington Road #12,Lawrenceville,NJ,08648,-74.75033018493565,40.302849081486016,100
564, 3373 Brunswick Pike,Lawrenceville,NJ,08648,-74.68181885531268,40.295363413307655,99.9
565," 25 Route 31 S,  Suite T",Pennington,NJ,08534,-74.79930841121761,40.324631971458224,100
566, 2555 Pennington Road,Pennington,NJ,08534,-74.78580332118388,40.30700558345142,100
567, 2555 Pennington Road,Pennington,NJ,08534,-74.78580332118388,40.30700558345142,100
568, 41 Princeton Hightstown Road,Princeton Junction,NJ,08550,-74.61180599155455,40.27434998204669,100
569, 172 Nassau Street,Princeton,NJ,08542,-74.65616235260674,40.350714526302546,100
570, 881 State Highway 206,Princeton,NJ,08540,-74.69212565577564,40.32766650306202,97.54
571, 500 Nassau Park Boulevard,Princeton,NJ,08540,-74.6774290011625,40.306520019800644,100
572, 301 N Harrison Street,Princeton,NJ,08540,-74.65203569021622,40.36291174607499,100
573, 3883 Route 27,Princeton,NJ,08540,-74.58602892374928,40.416599541866916,100
574, 101 Nassau Park Boulevard,Princeton,NJ,08540,-74.6765310478754,40.303736976489176,100
575, 240 Nassau Park Boulevard,Princeton,NJ,08540,-74.67751055708038,40.30460861060052,100
576, 2281 NJ-33,Robbinsville,NJ,08691,-74.62802499999998,40.22360000000003,88.15
577, 2370 NJ-33,Robbinsville,NJ,08691,-74.62802499999998,40.22360000000003,88.15
578, 130 Marketplace Boulevard,Robbinsville,NJ,08691,-74.64290009889727,40.191965794787926,100
579, 2313 Route 33,Robbinsville,NJ,08691,-74.63396169232473,40.22029447895218,100
580, 1100 Liberty Street,Trenton,NJ,08611,-74.73780326300206,40.209418437541295,100
581,1248 Greenwood Avenue,Trenton,NJ,08609,-74.73639012381996,40.22448343492626,100
582, 2370 NJ-33,Trenton,NJ,08691,-74.62802499999998,40.22360000000003,85.35
583, 1091 S Broad Street,Trenton,NJ,08611,-74.74347730853758,40.20425476608991,100
584, 2645 S Broad Street,Trenton,NJ,08610,-74.7140499552312,40.19201010474554,100
585, 4125 S Broad Street,Trenton,NJ,08620,-74.6803272118235,40.18499344595929,100
586, 1801 Kuser Road,Trenton,NJ,08690,-74.689575049416,40.205648969954524,100
587, 4400 South Broad Street,Trenton,NJ,08620,-74.6738464919261,40.18084951684875,100
588, 1750 North Olden Avenue,Trenton,NJ,08638,-74.76950462984462,40.248057422202926,100
589, 1225 NJ-33,Trenton,NJ,08638,-74.75059939999994,40.234695600000066,85.45
590, 739 Greenwood Avenue,Trenton,NJ,08609,-74.745434482929,40.21976568746361,100
591, 215 N Hermitage Avenue  # 9,Trenton,NJ,08618,-74.78242273199517,40.23115547850339,100
592, 350 Princeton-Hightstown Road,West Windsor,NJ,08550,-74.58183062217958,40.29060342132211,99.9
593, 1 Sunnybrae Boulevard,Yardville,NJ,08620,-74.6792967600157,40.18488130828099,99.07
594, 837 Roosevelt Avenue,Carteret,NJ,07008,-74.23070809535254,40.59195186039049,100
595, 801 Roosevelt Avenue,Carteret,NJ,07008,-74.22732046536531,40.58963707209993,100
596, 833 Roosevelt Avenue,Carteret,NJ,07008,-74.2288297111107,40.59082821559112,100
597, 555 Inman Avenue,Colonia,NJ,07067,-74.32552887793886,40.59886944508118,100
598, 1303 Street Georges Avenue,Colonia,NJ,07067,-74.31925029999996,40.600247800000034,85
599, 380 NJ-18,East Brunswick,NJ,08816,-74.39761458635215,40.45018072726681,100
600, 330 Rues Lane,East Brunswick,NJ,08816,-74.41143153615091,40.417513422593146,100
601, 1422 West Prospect Street,East Brunswick,NJ,08816,-74.39679322244045,40.455183869349426,96.67
602, 421 Ryders Lane,East Brunswick,NJ,08816,-74.42269743160489,40.435988991724315,100
603, 290 NJ-18,East Brunswick,NJ,08816,-74.39885401837475,40.458865007599286,100
604, 205 Vineyard Road,Edison,NJ,08817,-74.37799766397934,40.52915912611846,100
605, 100 Parsonage Road,Edison,NJ,08837,-74.33260798190376,40.552136982116906,100
606, 8 Eden Avenue,Edison,NJ,08817,-74.39202301874388,40.50891494402137,100
607, 1133 Inman Avenue,Edison,NJ,08820,-74.36596167011463,40.59683205587632,100
608, 10 Lincoln Highway,Edison,NJ,08820,-74.34590386343042,40.55553589943752,100
609, 416 US-1,Edison,NJ,08817,-74.39936506301127,40.50383685180153,100
610, 883 US-1,Edison,NJ,08817,-74.37665303907201,40.51736800955487,100
611,775 US-1,Edison,NJ,08817,-74.3832317434174,40.51173750800646,100
612, 1620 Oak Tree Road,Edison,NJ,08820,-74.3364713687154,40.57302028433101,100
613, 1197 Amboy Avenue,Edison,NJ,08837,-74.34749072154403,40.53657384148624,100
614, 905 New Durham Road,Edison,NJ,08817,-74.39632381173185,40.54207429284298,100
615, 81 Plainfield Avenue,Edison,NJ,08817,-74.39871521405784,40.50368342106405,100
616, 2220 NJ-27,Edison,NJ,08817,-74.3776491444451,40.532992044711705,100
617, 370 NewBrunswick Avenue,Fords,NJ,08863,-74.30606542101579,40.526558817419854,100
618, 6 Egan Avenue,Fords,NJ,08863,-74.31239732280099,40.52815405173415,100
619,5 Lafayette Rd,Fords,NJ,08863,-74.32281573970002,40.548542361030584,100
620, 137 US-22,Green Brook,NJ,08812,-74.47489154267815,40.60394774684861,100
621, 332 Raritan Avenue,Highland Park,NJ,08904,-74.42644447760019,40.49962305952757,100
622, 238 Forsgate Drive,Jamesburg,NJ,08831,-74.43895019331897,40.3470769060529,100
623, 3560 Route 27,Kendall Park,NJ,08540,-74.57779356957298,40.421547936471725,99.5
624, 411 Main Street,Metuchen,NJ,08840,-74.3614789444774,40.54158877606575,100
625, 45 Pearl Street,Metuchen,NJ,08840,-74.36311115248279,40.54166241108512,100
626, 1252 Bound Brook Road,Middlesex,NJ,08846,-74.50156544079142,40.580023280614924,100
627, 400 Ryders Lane,Milltown,NJ,08850,-74.42348583341739,40.44180075192907,100
628, 100 Ryders Lane,Milltown,NJ,08850,-74.42511787378479,40.45757184757737,100
629, 4196 US-1,Monmouth Junction,NJ,08852,-74.57648180172596,40.382049936047565,100
630, 314 Applegarth Road,Monroe Township,NJ,08831,-74.47185528207234,40.3163654451801,100
631, 306 Applegarth Road,Monroe,NJ,08831,-74.471996934866,40.31554716321524,99.9
632, 366 George Street,New Brunswick,NJ,08901,-74.44400297219121,40.495347450717965,100
633, 1 Robert Wood Johnson Pl.,New Brunswick,NJ,08901,-74.45061843536699,40.495697067240485,100
634, 254 Easton Avenue Suite 100g,New Brunswick,NJ,08901,-74.4593120992461,40.501895351568905,100
635, 20 Jersey Avenue,New Brunswick,NJ,08901,-74.45522399361006,40.490833921586386,100
636, 100 Grand Avenue,North Brunswick,NJ,08902,-74.50517666634852,40.435977926664265,100
637, 101 Grand Avenue,North Brunswick,NJ,08902,-74.50508010166567,40.43535476567354,100
638, 949 Livingston Avenue,North Brunswick,NJ,08902,-74.46958018209317,40.46976873207377,100
639, 2257 US 1,North Brunswick,NJ,08902,-74.50221663287616,40.44306649017146,100
640, 841 Georges Road,North Brunswick,NJ,08902,-74.45593922140831,40.46444991159458,100
641, 400 Renaissance Boulevard,North Brunswick,NJ,08902,-74.489651487437,40.43584100922355,100
642, 2703 US-130,North Brunswick,NJ,08902,-74.49484483082543,40.42671009918058,100
643, 979 Route #1 S,North Brunswick,NJ,08902,-74.46455598551061,40.462457994214475,98.04
644, 2628 County Road 516,Old Bridge,NJ,08857,-74.32242109731507,40.40390806981318,100
645, 3500 US 9,Old Bridge,NJ,08857,-74.30831437665452,40.38277015107809,100
646, 2988 Route 516,Old Bridge,NJ,08857,-74.31249606942706,40.40197274948468,100
647, 72 NJ-34,Old Bridge,NJ,08857,-74.2950427226234,40.42842113898525,100
648, 3891 Route 516,Old Bridge,NJ,08857,-74.29634468364358,40.403062822484884,100
649,2239 US 9,Old Bridge,NJ,08857,-74.30546394284136,40.41078012455756,100
650, 3553 Washington Road,Parlin,NJ,08859,-74.2988634407688,40.47342115615785,98.9
651, 2909 Washington Road,Parlin,NJ,08859,-74.31070849965833,40.465741437145674,100
652, 76 Smith Street,Perth Amboy,NJ,08861,-74.26633755409452,40.50815126882316,100
653, 365 Covery Boulevard,Perth Amboy,NJ,08861,-74.28576688947456,40.51617492945704,96.97
654, 520 Convery Boulevard,Perth Amboy,NJ,08861,-74.2819035026625,40.52091875137796,100
655, 1252 Stelton Road,Piscataway,NJ,08854,-74.42414764655345,40.541702169366125,100
656, 1306 Centennial Avenue,Piscataway,NJ, 1306 Centennial Avenue,0,0,0
657, 440 S. Washington Avenue #456,Piscataway,NJ,08854,-74.45510606023268,40.581391081484625,100
658, 1303 Centennial Avenue,Piscataway,NJ,08854,-74.4390192602011,40.55167882728946,100
659, 4 Schalks Crossing Road,Plainsboro,NJ,08536,-74.59396796049275,40.33503621832242,100
660, 521 Raritan Street,Sayreville,NJ,08872,-74.29745620782349,40.47784385759294,100
661, 5000 Hadley Center Drive,South Plainfield,NJ,07080,-74.42648663857321,40.54976670562711,100
662, 2328 Plainfield Avenue,South Plainfield,NJ,07080,-74.41919403416367,40.58704517418818,100
663, 913 Oak Tree Avenue,South Plainfield,NJ,07080,-74.38818424350265,40.57732148444334,100
664, 3600 Park Avenue,South Plainfield,NJ,07080,-74.38873229661806,40.57349294706972,100
665, 231 Prospect Street,South River,NJ,08882,-74.39304686821674,40.4554586021489,100
666, 15 Summerhill Road,Spotswood,NJ,08884,-74.38541824667983,40.39645473956889,100
667, 380 Summerhill Road,Spotswood,NJ,08884,-74.38727190444145,40.40719650519059,100
668,107 Main Street,Woodbridge,NJ,07095,-74.2812010991765,40.55387823868251,100
669, 877 St. George Avenue,Woodbridge,NJ,07095,-74.29003872637439,40.56863950606909,100
670, 17 Green Street,Woodbridge,NJ,07095,-74.2780353148807,40.557724633516244,100
671, 306 US-9,Woodbridge,NJ,07095,-74.29619498285288,40.53559001560117,99.54
672, 15 Woodbridge Center Drive,Woodbridge,NJ,07095,-74.29622398423787,40.55051898143745,100
673, 557 South Atlantic Avenue,Aberdeen,NJ,07747,-74.22652183652342,40.40418486942521,99.9
674, 901 Main Street,Asbury Park,NJ,07712,-74.01120541338412,40.22206811244702,100
675, 2 Bayshore Plaza,Atlantic Highlands,NJ,07716,-74.04147988899592,40.409725499023125,100
676, 78 Leonardville Road,Belford,NJ,07718,-74.09585185226936,40.41444290074296,100
677, 810 Main Street,Belmar,NJ,07719,-74.02487894822687,40.1812145904316,100
678, 1801 NJ-35,Belmar,NJ,07719,-74.04810255116247,40.167036140415505,100
679, 130 NJ-35,Eatontown,NJ,07724,-74.05406523935709,40.295706677330735,100
680, 81 US-9,Englishtown,NJ,07726,-74.29800017781547,40.29229675441101,100
681, 610 W. Main Street,Freehold,NJ,07728,-74.30693446393437,40.23885765124041,100
682, 7 West Main Street,Freehold,NJ,07728,-74.27477796295418,40.259734457479695,100
683,South St & Rt #9,Freehold,NJ,07728,-74.27596995340473,40.24008002609017,99.68
684, 3247 US-9,Freehold,NJ,07728,-74.26465748542184,40.219065840458214,100
685, 425 West Main Street,Freehold,NJ,07728,-74.30284761558431,40.24152116861279,100
686, 326 West Main Street,Freehold,NJ,07728,-74.29367404165383,40.24374199576849,100
687, 2835 NJ-35,Hazlet,NJ,07730,-74.17074102636927,40.419770009079855,100
688, 3391 NJ-35,Hazlet,NJ,07735,-74.19406509687845,40.42338952441865,99.5
689, 1360 NJ-36,Hazlet,NJ,07730,-74.1875998379448,40.42970166124975,100
690, 3120 NJ-35,Hazlet,NJ,07730,-74.18205550600877,40.42008558773422,100
691, 2995 NJ-35,Hazlet,NJ,07730,-74.1794789089723,40.41878773384695,100
692, 1198 NJ-36,Hazlet,NJ,07730,-74.18222364698632,40.43263254241662,100
693, 470 NJ-36,Highlands,NJ,07732,-74.00432160776309,40.40523155611263,100
694, 4594 US Highway 9,Howell,NJ,07731,-74.2252306892659,40.1405924093632,100
695, 1020 US Highway 9,Howell,NJ,07731,-74.25517034449398,40.20113531509463,100
696, 4011 US-9,Howell,NJ,07731,-74.22942001959456,40.15485385827334,100
697, 5159 US-9,Howell,NJ,07731,-74.22283329731903,40.128166531272335,100
698, 4900 US-9,Howell,NJ,07731,-74.22642200916373,40.1309040189399,100
699, 16 East Front Street,Keyport,NJ,07735,-74.20137847503712,40.437772241624884,100
700, 642 Newman Springs Road,Lincroft,NJ,07738,-74.11995717050509,40.33101650901664,100
701, 616 Newman Springs Road,Lincroft,NJ,07738,-74.1188883940312,40.331246215073215,100
702, 510 Prospect Avenue,Little Silver,NJ,07739,-74.04149325287042,40.338490149163846,100
703, 531 Prospect Avenue,Little Silver,NJ,07739,-74.04072572199654,40.33784398824815,100
704, 71 S Broadway,Long Branch,NJ,07740,-73.98152978810553,40.30523746288632,100
705, 205 Morris Avenue,Long Branch,NJ,07740,-73.98767917137019,40.297631262940264,100
706, 55 US -9,Manalapan,NJ,07726,-74.29846086273858,40.29298923923285,99.9
707, 253 Gordon's Corner Road,Manalapan,NJ,07726,-74.32114665132065,40.30992697007474,100
708, 120 Woodward Road,Manalapan,NJ,07726,-74.3683754067719,40.25298455276199,100
709, 305 NJ-33,Manalapan,NJ,07726,-74.3694539900727,40.25396875583277,100
710, 2 Gordons Corner Road,Manalapan,NJ,07726,-74.3563739463484,40.30220727915987,99.9
711, 55 US-9 Suite 100,Manalapan,NJ,07726,-74.29674441660636,40.29060743762656,99.9
712, 233 East Main Street,Manasquan,NJ,08736,-74.04712446688079,40.1209313143607,100
713, 149 Main Street,Manasquan,NJ,08736,-74.05048016181706,40.12312703771656,100
714, 2433 NJ-34,Manasquan,NJ,08736,-74.1072598459208,40.17181528739874,90.44
715, 4 Ryan Road,Marlboro,NJ,07746,-74.25354911678174,40.30324642560607,100
716, 479 County Road 520,Marlboro,NJ,07746,-74.24210572347143,40.33402360059966,100
717, 460 County Road 520,Marlboro,NJ,07746,-74.2452380406881,40.33362168834254,100
718, 107 N Main Street,Marlboro,NJ,07746,-74.2454311090365,40.331335663312906,100
719, 27 Morristown Road,Matawan,NJ,07747,-74.24775730944329,40.42742507857205,100
720, 343 NJ-34,Matawan,NJ,07747,-74.26816741367503,40.423303580249815,100
721, 318 Lloyd Road,Matawan,NJ,07747,-74.22237732178624,40.39616996440837,100
722, 339 Matawan Road,Matawan,NJ,07747,-74.25090400927719,40.43189949805172,100
723, 945 NJ-34,Matawan,NJ,07747,-74.23355199128089,40.407459004971884,100
724, 2105 Route 35,Middletown,NJ,07748,-74.13505490596174,40.41090237461563,100
725, 1447 NJ-35,Middletown,NJ,07748,-74.12205693758112,40.40130811481053,100
726, 1361 NJ-35,Middletown,NJ,07748,-74.1206300696919,40.400745645352266,100
727, 280 US-9,Morgansville,NJ,07751,-74.3037485989489,40.3058813220478,97.07
728, 18 US-9,Morganville,NJ,07751,-74.30497762481879,40.36105456778824,100
729, 483 NJ-9,Morganville,NJ,07751,-74.29351399999996,40.36369320000006,90
730, 4008 US-9,Morganville,NJ,07751,-74.30519748213948,40.36271900421136,97.07
731, 280 US-9,Morganville,NJ,07751,-74.3037485989489,40.3058813220478,97.07
732, 2200 NJ-66,Neptune City,NJ,07753,-74.04203807657692,40.226773670979725,99.9
733, 4000 Asbury Avenue,Neptune,NJ,07753,-74.07794824525628,40.23459939297028,100
734, 1930 Heck Avenue # 2,Neptune,NJ,07753,-74.03247675580555,40.212925467739105,100
735, 75 S. Main Street,Neptune,NJ,07753,-74.0150594124642,40.21136618229165,100
736, 1905 Corlies Avenue,Neptune,NJ,07753,-74.03655769995444,40.20812489453812,100
737, 3580 NJ-66,Neptune,NJ,07753,-74.08586922757597,40.22280861168285,100
738, 3575 NJ-66,Neptune,NJ,07753,-74.08482945248723,40.223175780951955,100
739, 246 Norwood Avenue,Oakhurst,NJ,07755,-73.9999794466424,40.26017459121543,100
740, 2000 NJ-35,Oakhurst,NJ,07755,-74.04193020148304,40.26373425976544,100
741, 2361 NJ-66,Ocean,NJ,07712,-74.04552796578292,40.23352298896458,100
742, 911 NJ-35,Ocean,NJ,07712,-74.03803504725819,40.23452232137065,100
743, 2331 NJ-66,Ocean,NJ,07712,-74.0445420025124,40.2310919855866,100
744, 1104 NJ-35,Ocean,NJ,07712,-74.03971302045495,40.239662020578834,100
745, 200 Wilson Avenue,Port Monmouth,NJ,07758,-74.10325866393852,40.42586215850937,100
746, 375 NJ-36,Port Monmouth,NJ,07758,-74.10692205378167,40.42824084424809,100
747, 140 Water Street,Red Bank,NJ,07701,-74.07057510412791,40.35015335788501,100
748, 395 Broad Street,Red Bank,NJ,07701,-74.06369003188799,40.33890740404124,100
749, 22 W River Road,Rumson,NJ,07760,-74.01139674007861,40.37564056539068,100
750, 2175 NJ-35,Sea Girt,NJ,08750,-74.05556642476486,40.152810431764365,89.93
751, 1151 Shrewsbury Avenue,Shrewsbury,NJ,07702,-74.06919439896016,40.31552906788883,100
752, 2006 NJ-35,Spring Lake,NJ,07762,-74.0554993292574,40.15287562746218,100
753, 3000 Essex Road,Tinton Falls,NJ,07753,-74.0879001627153,40.236151469980946,100
754, 4057 Asbury Avenue Suite 8,Tinton Falls,NJ,07753,-74.08007556255501,40.235857350964565,100
755, 596 Shrewsbury Avenue,Tinton Falls,NJ,07701,-74.07376550793379,40.329559189420905,100
756, 2007 NJ-35,Wall Township,NJ,07719,-74.05594885072506,40.15206685762493,100
757, 1801 NJ-35,Wall Township,NJ,07719,-74.04810255116247,40.167036140415505,100
758, 1801 NJ-71,Wall,NJ,07719,-74.03338703049043,40.16915349297653,99.9
759, 14 NJ-36,West Keansburg,NJ,07734,-74.13197916659155,40.43546818217047,98.01
760, Route 71 & Route 36,West Long Branch,NJ,07764,-74.02895987687118,40.295340027797664,100
761, 216 NJ-36,West Long Branch,NJ,07764,-74.02811053862236,40.29571930891624,100
762, 550 Myrtle Avenue,Boonton,NJ,07005,-74.39782044589424,40.907375449737415,100
763, 600 Myrtle Avenue,Boonton,NJ,07005,-74.39526446833992,40.90858340771347,100
764, 300 Wootton Street,Boonton,NJ,07005,-74.40398097709007,40.90708899819623,100
765, 255 US-46,Budd Lake,NJ,07828,-74.73757628117536,40.86907738571351,100
766, 178 E. Hanover Avenue,Cedar Knolls,NJ,07927,-74.46964271109059,40.81199002024355,100
767, 103 Ridgedale Avenue,Cedar Knolls,NJ,07927,-74.44976930248069,40.820811973335566,100
768, 471 Main Street,Chatham,NJ,07928,-74.39096346236349,40.74408604332428,100
769,641 Shunpike Road,Chatham,NJ,07928,-74.4295015855398,40.74584271470212,100
770,641 Shunpike Road,Chatham,NJ,07928,-74.4295015855398,40.74584271470212,100
771, 183 Route 206 North,Chester,NJ,07930,-74.70134804381036,40.78774040853726,100
772, 11 W Main Street,Chester,NJ,07930,-74.69973458661681,40.78300464469131,100
773, 123 E Main Street 125,Denville,NJ,07834,-74.47908551175136,40.888310308050634,99.06
774, 276 E. Main Street,Denville,NJ,07834,-74.4796248872203,40.88384489104331,100
775, 123 E Main Street,Denville,NJ,07834,-74.47908551175136,40.888310308050634,100
776, 22 W. Main Street,Denville,NJ,07834,-74.47858896780693,40.893516014746154,100
777, 457 US-46,Dover,NJ,07801,-74.53164146002426,40.886023853993564,100
778, 437 US-46,Dover,NJ,07801,-74.53487643268979,40.88643592741731,100
779, 100 E. McFarlan Street,Dover,NJ,07801,-74.5531958186423,40.88817459856343,100
780, 156 NJ-10,East Hanover,NJ,07936,-74.38124490593505,40.8096927155531,100
781, 451 Ridgedale Avenue,East Hanover,NJ,07936,-74.35828267333947,40.82695511208236,100
782, 130 NJ-10,East Hanover,NJ,07936,-74.38335548262717,40.81043850956516,100
783, 90 Flanders-Bartley Rd,Flanders,NJ,07836,-74.70910476768229,40.833051449166916,100
784, 40 International Drive South,Flanders,NJ,07836,-74.70598581000534,40.883707511649895,100
785, 187 Columbia Turnpike,Florham Park,NJ,07932,-74.39199611283468,40.78840317706958,100
786, 176 Columbia Turnpike,Florham Park,NJ,07932,-74.39233725629389,40.78849634192356,100
787, 34 Sylvan Way,Hanover,NJ,07981,-74.4429313132482,40.84583933634661,95.99
788, 1483 NJ-23 Suite 12,Kinnelon,NJ,07405,-74.35689395962163,41.002358547878494,100
789, 480 N Beverwyck Road,Lake Hiawatha,NJ,07034,-74.38273628912079,40.876908782346625,100
790, 1105 US-46,Ledgewood,NJ,07852,-74.64362981479783,40.87919213850032,100
791, 1131 US-46,Ledgewood,NJ,07852,-74.65016426269436,40.87918866001042,100
792, 461 NJ-10 Suite 29,Ledgewood,NJ,07852,-74.64982172152958,40.875553913363966,100
793, 15 Boonton Turnpike,Lincoln Park,NJ,07035,-74.30364414784287,40.92167246198373,100
794, 60 Beaverbrook Road,Lincoln Park,NJ,07035,-74.30938499714674,40.924483039847054,100
795, 153 Main Street,Lincoln Park,NJ,07035,-74.30835058647597,40.92292572414649,100
796, 335 Village Center Drive,Logan Township,NJ,08085,-75.35672542422863,39.758815788551686,100
797, 122 Main Street,Madison,NJ,07940,-74.41239380948818,40.75720221305143,100
798, 88 East Main Street,Mendham,NJ,07945,-74.5878034059834,40.78221397976513,100
799, 329 Speedwell Avenue,Morris Plains,NJ,07950,-74.48110404167343,40.82280087323048,100
800, 117 Speedwell Avenue,Morristown,NJ,07960,-74.48169287037175,40.8017146451407,100
801, 100 Madison Avenue,Morristown,NJ,07960,-74.4653030645406,40.78802842217896,100
802, 213 South Street,Morristown,NJ,07960,-74.4734729055658,40.7898781405714,100
803, 203 South Street,Morristown,NJ,07960,-74.47375512424571,40.79012071284931,100
804,75 US-46,Netcong,NJ,07857,-74.69885785374393,40.89674626577395,100
805, 3503 US-46,Parsippany,NJ,07054,-74.43648197429094,40.874841930752005,100
806, 1157 US-46,Parsippany,NJ,07054,-74.38810111685545,40.86301832614543,100
807, 808 US-46,Parsippany,NJ,07054,-74.37621701246883,40.86531300603659,100
808, 200 Baldwin Road Suite 200,Parsippany,NJ,07054,-74.39542565233808,40.86450260172828,100
809, 34 Sylvan Way,Parsippany,NJ,07054,-74.4429313132482,40.84583933634661,100
810, 156 Newark Pompton Turnpike,Pequannock,NJ,07440,-74.28831783788658,40.94706464137296,100
811, 1 Cedar Crest Village,Pompton Plains,NJ,07444,-74.32375702742668,40.98319328435852,98.04
812, 725 NJ-10,Randolph,NJ,07869,-74.59125468221127,40.86004751595412,100
813, 690 Millbrook Avenue,Randolph,NJ,07869,-74.57168735310987,40.8270017573736,100
814, 94 NJ-23,Riverdale,NJ,07457,-74.32341085632434,40.98810412335028,100
815, 48 NJ-23,Riverdale,NJ,07457,-74.31729677407732,40.99194495935101,100
816, 381 Mount Hope Avenue,Rockaway,NJ,07866,-74.54702023956608,40.90789626798719,100
817, 437 US-46,Rockaway,NJ,07866,-74.52950547028836,40.88671142316501,100
818, 260 US-46,Rockaway,NJ,07866,-74.51366790314842,40.89088640217231,100
819, 220 Enterprise Drive,Rockaway,NJ,07801,-74.56297620877753,40.90773616494025,99.49
820, 1153 Valley Road,Stirling,NJ,07980,-74.48945778165452,40.66805262615342,100
821, 1058 Valley Road,Stirling,NJ,07980,-74.48305149460226,40.66918531271636,100
822,281-031 Rt. 10 & Commerce Blvd,Succasunna,NJ,07876,-74.64643993165645,40.872770050015646,98.15
823, 315 NJ-15,Wharton,NJ,07885,-74.57072195005992,40.90679490547245,100
824, 350 N Main Street,Wharton,NJ,07885,-74.5798227445126,40.9098466024314,100
825, 314 U S Route 15,Wharton,NJ,07885,-74.56936306253553,40.9053984682781,97.47
826, 410 NJ-10,Whippany,NJ,07981,-74.4076551453899,40.8207716310453,100
827, 955 W. Bay Avenue,Barnegat,NJ,08005,-74.25496632897064,39.76017478842283,100
828, 895 West Bay Avenue,Barnegat,NJ,08005,-74.24407614126993,39.75784411642589,100
829, 879 W. Bay Avenue,Barnegat,NJ,08005,-74.2413980205812,39.75720312130364,100
830, 416 US-9,Bayville,NJ,08721,-74.1545311205086,39.91481950293385,100
831,431 Atlantic City Blvd,Bayville,NJ,08721,-74.15446528299117,39.9141702047247,100
832, 533 Atlantic City Boulevard,Beachwood,NJ,08722,-74.18563089062718,39.93697917551597,100
833, 93 Atlantic City Boulevard,Beachwood,NJ,08722,-74.1937802798085,39.94315952991288,100
834, 465 NJ-70,Brick,NJ,08723,-74.12911999999994,40.04985000000005,85.26
835, 570 NJ-70,Brick,NJ,08723,-74.12911999999994,40.04985000000005,85.26
836, 989 Burnt Tavern Road Suite 2,Brick,NJ,08724,-74.12657753290914,40.0940182805498,100
837, 2545 Hooper Avenue,Brick,NJ,08723,-74.1277932441456,40.0449363701255,100
838, 1041 Burnt Tavern Road,Brick,NJ,08724,-74.12949393230002,40.094012832312686,100
839, 1890 NJ-88,Brick,NJ,08724,-74.12145830762259,40.07127968670996,100
840, 2546 Hooper Avenue,Brick,NJ,08723,-74.12807730684435,40.0457093492363,100
841, 1872 NJ-88,Brick,NJ,08724,-74.12328971373346,40.07078112782648,100
842, 668 NJ-70,Bricktown,NJ,08723,-74.12911999999994,40.04985000000005,84
843, 101 South Main Street,Forked River,NJ,08731,-74.19126415383614,39.839865417910566,100
844, 260 North County Line Road,Jackson Township,NJ,08527,-74.2933783281097,40.13759424450728,100
845, 2 Don Connor Boulevard,Jackson,NJ,08527,-74.35250001502182,40.11168380178326,100
846, 890 Bennetts Mills Road,Jackson,NJ,08527,-74.27634552899504,40.12765573277315,100
847, 1 North New Prospect Road,Jackson,NJ,08527,-74.26709578105573,40.14121652587386,100
848, 702 Bennetts Mills Road,Jackson,NJ,08527,-74.28817638935926,40.12311220163611,100
849, 27 S Hope Chapel Road,Jackson,NJ,08527,-74.26809291181596,40.08192604249902,100
850, 260 North County Line Road,Jackson,NJ,08527,-74.2933783281097,40.13759424450728,100
851, 430 Harmony Road,Jackson,NJ,08527,-74.3002830046698,40.14136182616524,100
852, 198 New Hampshire Avenue,Lakewood,NJ,08701,-74.17801785459889,40.084774616859505,100
853, 596 River Avenue,Lakewood,NJ,08701,-74.21733870833076,40.07434281058348,100
854, 159 East Kennedy Boulevard,Lakewood,NJ,08701,-74.21566358717278,40.106743306277146,100
855, 700 N Main Street,Lanoka Harbor,NJ,08734,-74.17313589711085,39.86257922218768,100
856, 344 US-9,Lanoka Harbor,NJ,08734,-74.18337648751475,39.85071529694269,100
857, 580 US-9,Lanoka Harbor,NJ,08734,-74.1784350267513,39.857353023187265,100
858, 702 Grand Central Avenue,Lavallette,NJ,08735,-74.06852991975313,39.9730286095166,100
859, 425 US-9,Little Egg Harbor Township,NJ,08087,-74.3546403994735,39.601688801349205,100
860, 631 US-9 South,Little Egg Harbor Township,NJ,08087,-74.36415856701264,39.60140438892983,100
861, 201 Mathistown Road,Little Egg Harbor Twp.,NJ,08087,-74.37062150536607,39.583098408571836,100
862, 220 Mathistown Road,Little Egg Harbor,NJ,08087,-74.37051614484304,39.58309518153931,99.9
863, 480 Route 9 South,Little Egg Harbor,NJ,08087,-74.35709537675469,39.60167350228943,99.9
864, 209 Stafford Park Boulevard,Manahawkin,NJ,08050,-74.28535399692352,39.711607275396126,100
865, 595 East Bay Avenue,Manahawkin,NJ,08050,-74.23912964493,39.686310188698634,100
866, 297 NJ-72,Manahawkin,NJ,08050,-74.27838499999996,39.72646000000003,88.33
867, 525 NJ-72,Manahawkin,NJ,08050,-74.24511700600624,39.68341801300804,100
868, 2101 NJ-70,Manchester,NJ,08759,-74.36677469999995,39.959068900000034,87.1
869, 1001 NJ-70 W,Manchester,NJ,08759,-74.36677469999995,39.959068900000034,86.05
870, 38 Tuckahoe Road,Marmora,NJ,08223,-74.65135784570661,39.263434623956364,100
871, 4 West Roosevelt Avenue,Marmora,NJ,08223,-74.64929349014118,39.26594876373188,98.06
872, 3 Jacobstown Road,New Egypt,NJ,08533,-74.53531735322217,40.06807436238427,100
873, 28 Brindletown Road,New Egypt,NJ,08533,-74.53084460204967,40.06498391277387,100
874, 1915 NJ-35,Oakhurst,NJ,07755,-74.04150750210569,40.26263145276469,100
875, 1104 NJ-35,Ocean,NJ,07712,-74.03971302045495,40.239662020578834,100
876, 639 East 18th Street,Paterson,NJ,07051,-74.15571563873195,40.91799770992135,98.44
877, 350 Preakness Avenue,Paterson,NJ,07502,-74.19392931004698,40.921612657104475,100
878, 750 Main Street,Paterson,NJ,07503,-74.16545296747493,40.901029804209706,100
879, 130 East Main Street,Penns Grove,NJ,08069,-75.46439402650003,39.72604355552047,100
880, 2 North Virginia Avenue,Penns Grove,NJ,08069,-75.46358731364076,39.72683861838976,100
881, 251 North Broadway,Pennsville,NJ,08070,-75.50582548394145,39.66916211399681,100
882, 230 South Broadway,Pennsville,NJ,08070,-75.5174223498987,39.642864982431256,100
883, 709 South Broadway,Pennsville,NJ,08070,-75.50465897447647,39.61270899028179,100
884, 3161 Lakewood Road,Point Pleasant Boro,NJ,08742,-74.08688144815814,40.079654292949755,99.9
885, 1513 Richmond Avenue,Point Pleasant Boro,NJ,08742,-74.04860974012355,40.08305701431028,100
886, 2301 Bridge Avenue,Point Pleasant,NJ,08742,-74.07245020978445,40.07244726946511,100
887,"New Jersey 88, 2307-2309 Lakewood Rd",Point Pleasant,NJ,08742,-74.07185595828399,40.08276364678285,96.94
888, 3258 Bridge Avenue,Point Pleasant,NJ,08742,-74.08754251963002,40.07897911812695,100
889, 750 Hamburg Turnpike,Pompton Lakes,NJ,07442,-74.28108735675048,40.99310928536252,100
890,1201 Richmond Avenue,Pt Pleasant Beach,NJ,08742,-74.04886320887559,40.08510521617022,100
891, 115 Skyline Drive,Ringwood,NJ,07456,-74.26254800172725,41.08563013261998,100
892, 435 East Braodway,Salem,NJ,08079,-75.4587705691619,39.563400139828744,97.32
893, 1600 NJ-35,Seaside Heights,NJ,08751,-74.07630427771093,39.93461819603527,97.07
894, 819 Barnegat Avenue,Ship Bottom,NJ,08008,-74.18007512586927,39.65193086122856,100
895, 245 Stafford Park Boulevard,Stafford Township,NJ,08050,-74.28852294305716,39.70803654273396,100
896, 18 East Laurel Road,Stratford,NJ,08084,-75.00673603965284,39.82765799380263,100
897, 100 Warwick Road,Stratford,NJ,08084,-75.01921437655747,39.83087297127105,100
898, 1390 NJ-37 W,Toms River,NJ,08755,-74.21883189999994,39.99839910000003,85.6
899, 1357 Lakewood Road,Toms River,NJ,08753,-74.21133451832456,39.99301155791609,99.51
900, 1331 Hooper Avenue,Toms River,NJ,08753,-74.17541787688378,39.99082368332445,100
901, 1795 Hooper Avenue,Toms River,NJ,08753,-74.14748233470472,40.00939161051498,100
902, 51 Bananier Drive,Toms River,NJ,08757,-74.2474926888233,39.97555411885305,99.51
903, 1726 NJ-37,Toms River,NJ,08753,-74.19402029999998,39.95895980000006,86.67
904, 31 Mule Road,Toms River,NJ,08757,-74.24018509335399,39.96979937400104,99.51
905, 220 NJ-70,Toms River,NJ,08755,-74.21883189999994,39.99839910000003,87.83
906, 811 Fischer Boulevard,Toms River,NJ,08753,-74.13284751660785,39.96898699077098,100
907, 2 NJ-37 East,Toms River,NJ,08753,-74.20531000672156,39.96590298598906,98.85
908, 860 Fischer Boulevard,Toms River,NJ,08753,-74.13537299918754,39.97231489046101,100
909, 2 NJ-37,Toms River,NJ,08753,-74.20531000672156,39.96590298598906,100
910, 1824 Hooper Avenue,Toms River,NJ,08753,-74.14706318453933,40.010960602224806,100
911, 1311 NJ-37,Toms River,NJ,08755,-74.21883189999994,39.99839910000003,86.67
912, 2353 Lakewood Road,Toms River,NJ,08755,-74.22232318669518,40.04397325071512,100
913," 99 Highway 37 W, Suite 100",Toms River,NJ,08755,-74.21559694885075,39.96525879482026,100
914, 1158 Washington Street,Toms River,NJ,08753,-74.1653101398448,39.95393911840124,100
915, 2479 Church Road,Toms River,NJ,08753,-74.14631372976412,40.01602475532137,100
916, 950 Route #37 West,Toms River,NJ,08755,-74.24088012204088,39.9741753609169,100
917, 120 Union Boulevard,Totowa,NJ,07512,-74.20417157663225,40.909087830646456,100
918, 452 US-9,Waretown,NJ,08758,-74.1954106729086,39.79048186214653,100
919, 501 Route 9 ,Waretown,NJ,08758,-74.19670254653187,39.79562370097058,100
920, 505 County Rd 530,Whiting,NJ,08759,-74.35319043117988,39.94679352959436,99.9
921, 421 Lacey Road,Whiting,NJ,08759,-74.38876639790317,39.95935441458553,100
922,86 B Lacey Road,Whiting,NJ,08759,-74.37613973132159,39.95357425415577,98.62
923, 500 County Rd 530,Whiting,NJ,08759,-74.35410773118683,39.94659258981536,99.9
924, 132 Main Street,Bloomingdale,NJ,07403,-74.33399728235507,41.00388795184157,100
925, 20 Bridewell Place,Clifton,NJ,07014,-74.13571674103663,40.83085236178299,100
926, 635 Lexington Avenue,Clifton,NJ,07011,-74.13377800683203,40.882732654401465,100
927, 1646 Main Avenue,Clifton,NJ,07011,-74.15377756308467,40.88900642510931,100
928, 515 Allwood Road,Clifton,NJ,07012,-74.15779202143263,40.84169541508303,100
929, 30 Kingsland Road,Clifton,NJ,07014,-74.13621978966202,40.823984914301114,100
930,1366 Clifton Ave,Clifton,NJ,07012,-74.17286373350758,40.85325971752198,100
931, 550 Allwood Road,Clifton,NJ,07012,-74.15994337487955,40.843425300365155,100
932, 835 Van Houten Avenue,Clifton,NJ,07013,-74.15607152105554,40.86247183680723,100
933, 1138 Main Avenue,Clifton,NJ,07011,-74.13941735499004,40.87523069524217,100
934, 431 Haledon Avenue,Haledon,NJ,07508,-74.18266243961764,40.93840353700257,100
935, 447 Belmont Avenue,Haledon,NJ,07508,-74.18499730256636,40.93833677514377,100
936, 1104 Ringwood Avenue,Haskell,NJ,07420,-74.29690026921618,41.027874410421184,100
937, 325 Lafayette Avenue,Hawthorne,NJ,07506,-74.15527859430539,40.94931623011331,100
938, 171 Browertown Road,Little Falls,NJ,07424,-74.21406599423572,40.882755998001784,100
939, 5774 Berkshire Valley Road,Oak Ridge,NJ,07438,-74.50468711299072,41.037494647799505,100
940, 5740 Berkshire Valley Road,Oak Ridge,NJ,07438,-74.50518550095381,41.03703552905324,100
941, 394 Broadway,Passaic,NJ,07055,-74.13988433661557,40.85336577709539,100
942, 78 Main Avenue,Passaic,NJ,07055,-74.13026515121113,40.842993841898995,100
943, 116 Broadway,Passaic,NJ,07055,-74.1308439216255,40.858674622540775,100
944, 503 Paulison Avenue,Passaic,NJ,07055,-74.14094084600964,40.86336928459968,100
945, 101 President Street,Passaic,NJ,07055,-74.12216370993373,40.873514057437454,100
946, 149 NJ-23,Wayne,NJ,07470,-74.25040164633971,40.89106242388515,100
947, 1762 Ratzer Road,Wayne,NJ,07470,-74.20419370485656,40.944007887013136,100
948, 2440 Hamburg Turnpike,Wayne,NJ,07470,-74.2796889579256,40.9912163700658,100
949, 1460 NJ-23,Wayne,NJ,07470,-74.26895131392108,40.93352173425011,100
950, 641 Hamburg Turnpike,Wayne,NJ,07470,-74.22005519933072,40.95586270604087,100
951, 321 Valley Road,Wayne,NJ,07470,-74.23411587518007,40.92437021705938,100
952, 3 Marshall Hill Road,West Milford,NJ,07480,-74.36684125448356,41.13159243899322,100
953, 23 Marshall Hill Road,West Milford,NJ,07480,-74.36574348917499,41.13163469411976,100
954, 1502 Union Valley Road,West Milford,NJ,07480,-74.36782682921829,41.131065608902624,100
955, 228 Browertown Road,Woodland Park,NJ,07424,-74.20630411506473,40.88593311441707,100
956, 865 Route 45,Pilesgrove,NJ,08098,-75.33888211256779,39.64538533689715,100
957, 857 NJ-45,Pilesgrove,NJ,08098,-75.28007605581197,39.69412726859733,91.84
958, 270 NJ-23,Franklin,NJ,07416,-74.58096285098242,41.11595550603971,100
959, 245 NJ-23,Franklin,NJ,07416,-74.58099889316657,41.11604116909026,100
960, 230 Route 23,Franklin,NJ,07416,-74.58109397904978,41.11513478590833,100
961, 2 Vernon Avenue,Hamburg,NJ,07419,-74.57609719955067,41.153455279885854,100
962, 10A NJ-23,Montague,NJ,07827,-74.68619634250574,41.35059063545546,100
963, 237 Spring Street,Newton,NJ,07860,-74.74946592689928,41.055933493681266,100
964, 123 Water Street,Newton,NJ,07860,-74.74683494663142,41.06529971414315,100
965, 126 Water Street,Newton,NJ,07860,-74.74738771782609,41.06499110398127,100
966, 26 Hampton House Road,Newton,NJ,07860,-74.73905903973572,41.069866018868,100
967, 11 Theatre Center,Sparta,NJ,07871,-74.63617945947507,41.03065216106884,100
968, 77 US-206,Stanhope,NJ,07874,-74.71906507988118,40.932776415849276,100
969,90-80 Route 206,Stanhope,NJ,07874,-74.71861096784407,40.93292499935856,99.26
970, 455 NJ-23 N,Sussex,NJ,07461,-74.60144736265562,41.20307275570186,100
971, 359 Route 23,Sussex,NJ,07461,-74.59256499753913,41.19673932492591,100
972, 530 Route 515 Unit 1,Vernon,NJ,07462,-74.48432418475934,41.196424693157844,100
973, 302 NJ-94,Vernon,NJ,07462,-74.4850471403846,41.19908340796778,100
974, 412a Springfield Avenue,Berkeley Heights,NJ,07922,-74.43841679734213,40.68558228643821,100
975, 1 Diamond Hill Road,Berkeley Heights,NJ,07922,-74.41150873184786,40.68026153288249,100
976, 343 Springfield Avenue,Berkeley Heights,NJ,07922,-74.43702671417836,40.68716001263229,100
977, 1060 Raritan Road,Clark,NJ,07066,-74.31513255197352,40.62773562997024,100
978, 60 Westfield Avenue,Clark,NJ,07066,-74.29752468797261,40.61907335213347,100
979, 45 Central Avenue,Clark,NJ,07066,-74.30536361146052,40.62718577712168,100
980, 142 Central Avenue,Clark,NJ,07066,-74.31041504922806,40.63088311843154,100
981, 76 Central Avenue,Clark,NJ,07066,-74.305972808183,40.62823141954311,100
982, 50 South Avenue W,Cranford,NJ,07016,-74.3104074216962,40.653774054094164,100
983, 214 Rahway Avenue,Elizabeth,NJ,07202,-74.22180215559052,40.65991970741185,100
984, 1000 S Elmora Avenue,Elizabeth,NJ,07202,-74.22551357849768,40.653639273090924,100
985, 25 S Broad Street,Elizabeth,NJ,07201,-74.21521062693353,40.660588583285275,99.52
986, 865 W Grand Street,Elizabeth,NJ,07202,-74.23900314533456,40.66353599121164,100
987, 430 Westfield Avenue,Elizabeth,NJ,07208,-74.23139021463291,40.66598162551681,100
988, 600 Newark Avenue,Elizabeth,NJ,07208,-74.21197454175555,40.676792981418345,100
989, 315 North Avenue,Garwood,NJ,07027,-74.3242057107036,40.65340256814527,100
990, 563 North Avenue East,Garwood,NJ,07027,-74.3313033386745,40.65242896818196,98.87
991, 367 US-22,Hillside,NJ,07205,-74.23441348328926,40.69934981442029,100
992, 36 Hillside Avenue,Hillside,NJ,07205,-74.21817614427685,40.69762004106184,100
993, 265 Long Avenue,Hillside,NJ,07205,-74.23119080915633,40.6984950279345,100
994, 801 Kenilworth Boulevard,Kenilworth,NJ,07033,-74.28284284679256,40.67843074240087,100
995, 300 North Wood Avenue,Linden,NJ,07036,-74.25486080080961,40.631865142207545,100
996, 621 West Edgar Road,Linden,NJ,07036,-74.24873782053992,40.62068376719049,100
997, 1000 W. Street Georges Avenue,Linden,NJ,07036,-74.26723499999997,40.63326500000005,85
998, 637 W. Edgar Road,Linden,NJ,07036,-74.2487385749112,40.620682719452596,100
999, 22 East Street Georges Avenue,Linden,NJ,07036,-74.26723499999997,40.63326500000005,85
1000, 1601 West Edgar Road,Linden,NJ,07036,-74.25464597263111,40.61426658211933,100
1001, 1260 Springfield Avenue,New Providence,NJ,07974,-74.40446737893127,40.70667522060976,100
1002, 1290 US 22 #22E,North Plainfield,NJ,07060,-74.45990224398669,40.61243241976824,100
1003, 780 Route 22 East,North Plainfield,NJ,07060,-74.44057926974989,40.62531534548063,98.81
1004, 1147 South Avenue,Plainfield,NJ,07062,-74.40106059244548,40.62983116042485,100
1005, 890 Street Georges Avenue,Rahway,NJ,07065,-74.27399499999996,40.60615000000007,85
1006, 786 Street Georges Avenue,Rahway,NJ,07065,-74.27399499999996,40.60615000000007,85
1007, 120 East 1st Avenue,Roselle,NJ,07203,-74.26474096917768,40.659964341046326,100
1008, 107 East First Avenue,Roselle,NJ,07203,-74.26370270283135,40.660104612196015,100
1009, 514 Park Avenue,Scotch Plains,NJ,07076,-74.39638672135605,40.649275612388365,100
1010, 178 Morris Avenue,Springfield,NJ,07081,-74.30888241984661,40.710748899143,100
1011, 727 Morris Turnpike,Springfield,NJ,07081,-74.33101282191049,40.71950296904856,100
1012, 125 Morris Avenue,Springfield,NJ,07081,-74.30702649723138,40.71000757194584,100
1013, 29 Deforest Avenue,Summit,NJ,07901,-74.35902774071276,40.7190034914385,100
1014, 364 Springfield Avenue,Summit,NJ,07901,-74.35718859882479,40.71800366716146,100
1015, 1055 Hudson Street,Union,NJ,07083,-74.28769799614683,40.694144987824444,100
1016, 1319 Magie Avenue,Union,NJ,07083,-74.25295995280756,40.67072171749126,100
1017, 1178 Morris Avenue,Union,NJ,07083,-74.23995819605891,40.68540060924623,100
1018, 2287 Morris Avenue,Union,NJ,07083,-74.2825597218622,40.6993518260771,100
1019, 327 Chestnut Street,Union,NJ,07083,-74.26791469299599,40.67786561356759,100
1020, 2401D US-22 W,Union,NJ,07083,-74.29583545736098,40.69060437949865,100
1021, 2148 Morris Avenue,Union,NJ,07083,-74.27626549931071,40.69785967967362,100
1022, 900 Springfield Road,Union,NJ,07083,-74.29872556324085,40.687175141967444,100
1023, 2933 Vauxhall Road,Vauxhall,NJ,07088,-74.28867683479957,40.72023068588252,100
1024, 1144 South Avenue West,Westfield,NJ,07090,-74.36374063341123,40.64651067398797,100
1025, 260 North Avenue E,Westfield,NJ,07090,-74.34429403131095,40.65065850068372,100
1026,Route 517 Village Square Mall,Allamuchy,NJ,07820,-74.82427669999998,40.903936800000054,85
1027, 2 Upper Sarepta Road,Belvidere,NJ,07823,-75.05536541247643,40.84460491741434,100
1028, 152 State Route 94,Blairstown,NJ,07825,-74.99629394849595,40.98272787918485,100
1029, 151 NJ-94,Blairstown,NJ,07825,-74.99469853704545,40.98307585389484,100
1030, 1965 NJ-57 ,Hackettstown,NJ,07840,-74.83495320884299,40.82307471000748,100
1031, 91 Main Street,Hackettstown,NJ,07840,-74.83178560442315,40.85499666450294,100
1032, 203 Mountain Avenue,Hackettstown,NJ,07840,-74.82369044554576,40.84108645601249,100
1033, 1965 Route 57 West & Allen,Hackettstown,NJ,07840,-74.83399993499462,40.824010046582686,97.72
1034, 1982 NJ-57,Hackettstown,NJ,07840,-74.83432716449447,40.82366467026225,100
1035, 1885 NJ-57 Suite 100,Hackettstown,NJ,07840,-74.83902656232922,40.81803395916641,100
1036, 1204 New Brunswick Avenue,Phillipsburg,NJ,08865,-75.13656859468007,40.67477561539191,100
1037, 755 Memorial Parkway,Phillipsburg,NJ,08865,-75.17420217030107,40.6979642657911,100
1038, 1207 Route #22,Phillipsburg,NJ,08865,-75.14541372472662,40.68033029325071,100
1039, 1300 US-22,Phillipsburg,NJ,08865,-75.14249949376081,40.677076485724,99.54
1040, 755 Memorial Parkway (US Hwy 22),Phillipsburg,NJ,08865,-75.17420217030107,40.6979642657911,98.41
1041, 30 Belvidere Avenue,Washington,NJ,07882,-74.97993306023065,40.75905452983411,100
1042," 2 Clubhouse Drive, NJ-31 S",Washington,NJ,07882,-74.97490013776226,40.739300516870664,98.65
1043, 354 NJ-57 West,Washington,NJ,07882,-74.99902502400755,40.75413900462638,100
